company_name,year,sector_exposure_path_name,Sector_EI,Compnay_EI,Sector_EM,Company_EM,Sector_IM,Company_IM,CHG_PER_STOCK_PRICE,Combined_score,sector_exposure_id,Normalized_Stock_Price_Change
ANTERO RESOURCES Corp,2013,Associated Energy Costs,100,115,79,102,72,0,-35.7086302,217,0,-5.4377353
ANTERO RESOURCES Corp,2013,Dividend/reinvestment balance for long-term growth,36,16,75,30,78,0,-35.7086302,46,1,-1.1526996
ANTERO RESOURCES Corp,2013,GDP and Disposable Income,75,79,66,79,73,0,-35.7086302,158,2,-3.9592727
ANTERO RESOURCES Corp,2013,Innovation,83,99,69,89,68,0,-35.7086302,188,3,-4.7110333
ANTERO RESOURCES Corp,2013,Market Transition,71,72,60,75,67,0,-35.7086302,147,4,-3.6836271
ANTERO RESOURCES Corp,2013,Professional Skills Development,36,34,77,66,79,0,-35.7086302,100,5,-2.5058688
ANTERO RESOURCES Corp,2013,"Provisioning services (Raw Materials, Nutrients, Food, Energy)",91,105,100,114,100,0,-35.7086302,219,6,-5.4878526
ANTERO RESOURCES Corp,2013,Regulated Carbon Price,70,73,79,71,80,0,-35.7086302,144,7,-3.6084511
ANTERO RESOURCES Corp,2013,Wages and Benefits,42,54,94,82,80,0,-35.7086302,136,8,-3.4079815
ANTERO RESOURCES Corp,2013,Well-being and health,28,22,50,48,56,0,-35.7086302,70,9,-1.7541082
Callon Petroleum Co,2013,Associated Energy Costs,100,104,79,67,72,74,126.2162162,245,0,17.5798596
Callon Petroleum Co,2013,Dividend/reinvestment balance for long-term growth,36,15,75,38,78,0,126.2162162,53,1,3.80299
Callon Petroleum Co,2013,GDP and Disposable Income,75,64,66,54,73,74,126.2162162,192,2,13.7768695
Callon Petroleum Co,2013,Innovation,83,77,69,60,68,71,126.2162162,208,3,14.924942
Callon Petroleum Co,2013,Market Transition,71,87,60,58,67,70,126.2162162,215,4,15.4272237
Callon Petroleum Co,2013,Professional Skills Development,36,37,77,64,79,68,126.2162162,169,5,12.1265154
Callon Petroleum Co,2013,"Provisioning services (Raw Materials, Nutrients, Food, Energy)",91,119,100,93,100,80,126.2162162,292,6,20.9523224
Callon Petroleum Co,2013,Regulated Carbon Price,70,52,79,58,80,77,126.2162162,187,7,13.4180969
Callon Petroleum Co,2013,Wages and Benefits,42,32,94,63,80,65,126.2162162,160,8,11.4807246
Callon Petroleum Co,2013,Well-being and health,28,6,50,32,56,0,126.2162162,38,9,2.7266721
ConocoPhillips,2013,Associated Energy Costs,100,105,79,73,72,63,17.0549085,241,0,2.2448023
ConocoPhillips,2013,Dividend/reinvestment balance for long-term growth,36,46,75,90,78,0,17.0549085,136,1,1.2667764
ConocoPhillips,2013,GDP and Disposable Income,75,77,66,54,73,61,17.0549085,192,2,1.7883902
ConocoPhillips,2013,Innovation,83,73,69,57,68,56,17.0549085,186,3,1.732503
ConocoPhillips,2013,Market Transition,71,57,60,48,67,55,17.0549085,160,4,1.4903252
ConocoPhillips,2013,Professional Skills Development,36,58,77,102,79,37,17.0549085,197,5,1.8349628
ConocoPhillips,2013,"Provisioning services (Raw Materials, Nutrients, Food, Energy)",91,53,100,66,100,86,17.0549085,205,6,1.9094791
ConocoPhillips,2013,Regulated Carbon Price,70,78,79,65,80,56,17.0549085,199,7,1.8535919
ConocoPhillips,2013,Wages and Benefits,42,48,94,71,80,94,17.0549085,213,8,1.9839954
ConocoPhillips,2013,Well-being and health,28,33,50,69,56,0,17.0549085,102,9,0.9500823
"EOG Resources, Inc.",2013,Associated Energy Costs,100,135,79,82,72,72,-23.4200158,289,0,-3.0962418
"EOG Resources, Inc.",2013,Dividend/reinvestment balance for long-term growth,36,22,75,57,78,47,-23.4200158,126,1,-1.3499186
"EOG Resources, Inc.",2013,GDP and Disposable Income,75,128,66,78,73,70,-23.4200158,276,2,-2.9569645
"EOG Resources, Inc.",2013,Innovation,83,126,69,75,68,66,-23.4200158,267,3,-2.8605417
"EOG Resources, Inc.",2013,Market Transition,71,75,60,58,67,65,-23.4200158,198,4,-2.1213006
"EOG Resources, Inc.",2013,Professional Skills Development,36,38,77,66,79,64,-23.4200158,168,5,-1.7998914
"EOG Resources, Inc.",2013,"Provisioning services (Raw Materials, Nutrients, Food, Energy)",91,136,100,109,100,89,-23.4200158,334,6,-3.5783556
"EOG Resources, Inc.",2013,Regulated Carbon Price,70,67,79,81,80,83,-23.4200158,231,7,-2.4748507
"EOG Resources, Inc.",2013,Wages and Benefits,42,35,94,113,80,99,-23.4200158,247,8,-2.6462689
"EOG Resources, Inc.",2013,Well-being and health,28,15,50,35,56,0,-23.4200158,50,9,-0.535682
EQT Corp,2013,Associated Energy Costs,100,56,79,58,72,57,43.1127983,171,0,4.8184892
EQT Corp,2013,Dividend/reinvestment balance for long-term growth,36,19,75,51,78,0,43.1127983,70,1,1.972481
EQT Corp,2013,GDP and Disposable Income,75,53,66,67,73,61,43.1127983,181,2,5.1002722
EQT Corp,2013,Innovation,83,49,69,61,68,51,43.1127983,161,3,4.5367062
EQT Corp,2013,Market Transition,71,45,60,51,67,52,43.1127983,148,4,4.1703883
EQT Corp,2013,Professional Skills Development,36,13,77,42,79,0,43.1127983,55,5,1.5498065
EQT Corp,2013,"Provisioning services (Raw Materials, Nutrients, Food, Energy)",91,51,100,79,100,95,43.1127983,225,6,6.3401174
EQT Corp,2013,Regulated Carbon Price,70,71,79,78,80,70,43.1127983,219,7,6.1710476
EQT Corp,2013,Wages and Benefits,42,35,94,72,80,78,43.1127983,185,8,5.2129854
EQT Corp,2013,Well-being and health,28,39,50,43,56,33,43.1127983,115,9,3.2405044
Enerplus Resources (USA) Corporation,2013,Associated Energy Costs,100,188,79,91,72,68,37.0978782,347,0,5.5201388
Enerplus Resources (USA) Corporation,2013,Dividend/reinvestment balance for long-term growth,36,31,75,60,78,0,37.0978782,91,1,1.4476445
Enerplus Resources (USA) Corporation,2013,GDP and Disposable Income,75,126,66,78,73,71,37.0978782,275,2,4.3747498
Enerplus Resources (USA) Corporation,2013,Innovation,83,133,69,79,68,72,37.0978782,284,3,4.5179234
Enerplus Resources (USA) Corporation,2013,Market Transition,71,140,60,77,67,69,37.0978782,286,4,4.5497398
Enerplus Resources (USA) Corporation,2013,Professional Skills Development,36,31,77,66,79,43,37.0978782,140,5,2.2271453
Enerplus Resources (USA) Corporation,2013,"Provisioning services (Raw Materials, Nutrients, Food, Energy)",91,132,100,113,100,97,37.0978782,342,6,5.4405979
Enerplus Resources (USA) Corporation,2013,Regulated Carbon Price,70,62,79,76,80,72,37.0978782,210,7,3.340718
Enerplus Resources (USA) Corporation,2013,Wages and Benefits,42,44,94,68,80,90,37.0978782,202,8,3.2134526
Enerplus Resources (USA) Corporation,2013,Well-being and health,28,32,50,75,56,48,37.0978782,155,9,2.4657681
Hess,2013,Associated Energy Costs,100,79,79,62,72,66,15.7380254,207,0,1.717328
Hess,2013,Dividend/reinvestment balance for long-term growth,36,29,75,50,78,73,15.7380254,152,1,1.2610331
Hess,2013,GDP and Disposable Income,75,78,66,58,73,74,15.7380254,210,2,1.7422168
Hess,2013,Innovation,83,69,69,49,68,50,15.7380254,168,3,1.3937735
Hess,2013,Market Transition,71,64,60,49,67,52,15.7380254,165,4,1.3688847
Hess,2013,Professional Skills Development,36,24,77,54,79,54,15.7380254,132,5,1.0951077
Hess,2013,"Provisioning services (Raw Materials, Nutrients, Food, Energy)",91,44,100,58,100,79,15.7380254,181,6,1.501625
Hess,2013,Regulated Carbon Price,70,80,79,111,80,113,15.7380254,304,7,2.5220663
Hess,2013,Wages and Benefits,42,45,94,87,80,109,15.7380254,241,8,1.9994012
Hess,2013,Well-being and health,28,35,50,51,56,51,15.7380254,137,9,1.1365891
MARATHON OIL,2013,Associated Energy Costs,100,126,79,89,72,77,5.3380783,292,0,0.6185392
MARATHON OIL,2013,Dividend/reinvestment balance for long-term growth,36,46,75,125,78,111,5.3380783,282,1,0.5973564
MARATHON OIL,2013,GDP and Disposable Income,75,92,66,69,73,74,5.3380783,235,2,0.497797
MARATHON OIL,2013,Innovation,83,81,69,80,68,70,5.3380783,231,3,0.4893238
MARATHON OIL,2013,Market Transition,71,101,60,63,67,63,5.3380783,227,4,0.4808507
MARATHON OIL,2013,Professional Skills Development,36,44,77,113,79,94,5.3380783,251,5,0.5316895
MARATHON OIL,2013,"Provisioning services (Raw Materials, Nutrients, Food, Energy)",91,113,100,151,100,119,5.3380783,383,6,0.8113032
MARATHON OIL,2013,Regulated Carbon Price,70,83,79,92,80,76,5.3380783,251,7,0.5316895
MARATHON OIL,2013,Wages and Benefits,42,49,94,155,80,100,5.3380783,304,8,0.6439587
MARATHON OIL,2013,Well-being and health,28,17,50,47,56,0,5.3380783,64,9,0.1355702
PIONEER NATURAL RESOURCES,2013,Associated Energy Costs,100,150,79,120,72,77,50.6156942,347,0,6.8527686
PIONEER NATURAL RESOURCES,2013,Dividend/reinvestment balance for long-term growth,36,95,75,180,78,115,50.6156942,390,1,7.7019589
PIONEER NATURAL RESOURCES,2013,GDP and Disposable Income,75,85,66,71,73,63,50.6156942,219,2,4.3249462
PIONEER NATURAL RESOURCES,2013,Innovation,83,126,69,123,68,86,50.6156942,335,3,6.6157852
PIONEER NATURAL RESOURCES,2013,Market Transition,71,85,60,64,67,62,50.6156942,211,4,4.1669573
PIONEER NATURAL RESOURCES,2013,Professional Skills Development,36,50,77,98,79,80,50.6156942,228,5,4.5026837
PIONEER NATURAL RESOURCES,2013,"Provisioning services (Raw Materials, Nutrients, Food, Energy)",91,92,100,102,100,118,50.6156942,312,6,6.1615671
PIONEER NATURAL RESOURCES,2013,Regulated Carbon Price,70,63,79,94,80,79,50.6156942,236,7,4.6606726
PIONEER NATURAL RESOURCES,2013,Wages and Benefits,42,35,94,134,80,0,50.6156942,169,8,3.3375155
PIONEER NATURAL RESOURCES,2013,Well-being and health,28,38,50,78,56,0,50.6156942,116,9,2.2908391
Range Resources,2013,Associated Energy Costs,100,125,79,99,72,0,2.4320988,224,0,0.3445858
Range Resources,2013,Dividend/reinvestment balance for long-term growth,36,28,75,48,78,0,2.4320988,76,1,0.116913
Range Resources,2013,GDP and Disposable Income,75,98,66,82,73,0,2.4320988,180,2,0.2768993
Range Resources,2013,Innovation,83,125,69,85,68,0,2.4320988,210,3,0.3230492
Range Resources,2013,Market Transition,71,93,60,75,67,0,2.4320988,168,4,0.2584393
Range Resources,2013,Professional Skills Development,36,31,77,70,79,0,2.4320988,101,5,0.1553713
Range Resources,2013,"Provisioning services (Raw Materials, Nutrients, Food, Energy)",91,127,100,124,100,0,2.4320988,251,6,0.3861207
Range Resources,2013,Regulated Carbon Price,70,63,79,88,80,0,2.4320988,151,7,0.2322877
Range Resources,2013,Wages and Benefits,42,36,94,130,80,0,2.4320988,166,8,0.2553627
Range Resources,2013,Well-being and health,28,14,50,40,56,0,2.4320988,54,9,0.0830698
SM Energy Co,2013,Associated Energy Costs,100,136,79,74,72,65,20.3816278,275,0,2.4888755
SM Energy Co,2013,Dividend/reinvestment balance for long-term growth,36,45,75,78,78,71,20.3816278,194,1,1.7557885
SM Energy Co,2013,GDP and Disposable Income,75,99,66,66,73,65,20.3816278,230,2,2.081605
SM Energy Co,2013,Innovation,83,123,69,65,68,64,20.3816278,252,3,2.280715
SM Energy Co,2013,Market Transition,71,127,60,84,67,72,20.3816278,283,4,2.5612792
SM Energy Co,2013,Professional Skills Development,36,47,77,116,79,88,20.3816278,251,5,2.2716646
SM Energy Co,2013,"Provisioning services (Raw Materials, Nutrients, Food, Energy)",91,113,100,106,100,93,20.3816278,312,6,2.8237424
SM Energy Co,2013,Regulated Carbon Price,70,59,79,70,80,65,20.3816278,194,7,1.7557885
SM Energy Co,2013,Wages and Benefits,42,33,94,101,80,81,20.3816278,215,8,1.9458481
SM Energy Co,2013,Well-being and health,28,15,50,31,56,0,20.3816278,46,9,0.416321
SOUTHWESTERN ENERGY CO,2013,Associated Energy Costs,100,167,79,100,72,82,23.4836286,349,0,3.3922957
SOUTHWESTERN ENERGY CO,2013,Dividend/reinvestment balance for long-term growth,36,33,75,57,78,0,23.4836286,90,1,0.874804
SOUTHWESTERN ENERGY CO,2013,GDP and Disposable Income,75,131,66,84,73,82,23.4836286,297,2,2.8868534
SOUTHWESTERN ENERGY CO,2013,Innovation,83,108,69,82,68,81,23.4836286,271,3,2.6341322
SOUTHWESTERN ENERGY CO,2013,Market Transition,71,104,60,72,67,80,23.4836286,256,4,2.4883315
SOUTHWESTERN ENERGY CO,2013,Professional Skills Development,36,39,77,77,79,64,23.4836286,180,5,1.7496081
SOUTHWESTERN ENERGY CO,2013,"Provisioning services (Raw Materials, Nutrients, Food, Energy)",91,131,100,169,100,129,23.4836286,429,6,4.1698993
SOUTHWESTERN ENERGY CO,2013,Regulated Carbon Price,70,74,79,89,80,94,23.4836286,257,7,2.4980516
SOUTHWESTERN ENERGY CO,2013,Wages and Benefits,42,37,94,82,80,107,23.4836286,226,8,2.1967302
SOUTHWESTERN ENERGY CO,2013,Well-being and health,28,19,50,42,56,0,23.4836286,61,9,0.5929227
Seneca Resources/NATIONAL FUEL GAS CO,2013,Associated Energy Costs,100,37,79,37,72,35,14.1646292,109,0,2.6036165
Seneca Resources/NATIONAL FUEL GAS CO,2013,Dividend/reinvestment balance for long-term growth,36,17,75,30,78,39,14.1646292,86,1,2.0542295
Seneca Resources/NATIONAL FUEL GAS CO,2013,GDP and Disposable Income,75,26,66,29,73,34,14.1646292,89,2,2.1258887
Seneca Resources/NATIONAL FUEL GAS CO,2013,Innovation,83,37,69,27,68,31,14.1646292,95,3,2.269207
Seneca Resources/NATIONAL FUEL GAS CO,2013,Market Transition,71,26,60,28,67,33,14.1646292,87,4,2.0781159
Seneca Resources/NATIONAL FUEL GAS CO,2013,Professional Skills Development,36,6,77,16,79,0,14.1646292,22,5,0.5255006
Seneca Resources/NATIONAL FUEL GAS CO,2013,"Provisioning services (Raw Materials, Nutrients, Food, Energy)",91,26,100,43,100,36,14.1646292,105,6,2.5080709
"VITAL ENERGY, INC.",2013,Associated Energy Costs,100,152,79,90,72,0,41.388737,242,0,6.077715
"VITAL ENERGY, INC.",2013,Dividend/reinvestment balance for long-term growth,36,14,75,39,78,0,41.388737,53,1,1.3310698
"VITAL ENERGY, INC.",2013,GDP and Disposable Income,75,93,66,69,73,0,41.388737,162,2,4.068553
"VITAL ENERGY, INC.",2013,Innovation,83,137,69,85,68,0,41.388737,222,3,5.5754245
"VITAL ENERGY, INC.",2013,Market Transition,71,109,60,70,67,0,41.388737,179,4,4.4955
"VITAL ENERGY, INC.",2013,Professional Skills Development,36,52,77,111,79,0,41.388737,163,5,4.0936676
"VITAL ENERGY, INC.",2013,"Provisioning services (Raw Materials, Nutrients, Food, Energy)",91,159,100,146,100,0,41.388737,305,6,7.6599301
"VITAL ENERGY, INC.",2013,Regulated Carbon Price,70,67,79,77,80,0,41.388737,144,7,3.6164916
"VITAL ENERGY, INC.",2013,Wages and Benefits,42,41,94,83,80,0,41.388737,124,8,3.1142011
"VITAL ENERGY, INC.",2013,Well-being and health,28,22,50,32,56,0,41.388737,54,9,1.3561843
ANTERO RESOURCES Corp,2014,Associated Energy Costs,100,120,78,102,66,0,-46.4285714,222,0,-6.7721044
ANTERO RESOURCES Corp,2014,Dividend/reinvestment balance for long-term growth,32,20,68,37,77,0,-46.4285714,57,1,-1.7387836
ANTERO RESOURCES Corp,2014,GDP and Disposable Income,77,91,68,88,68,0,-46.4285714,179,2,-5.4603905
ANTERO RESOURCES Corp,2014,Innovation,85,111,71,88,65,0,-46.4285714,199,3,-6.07049
ANTERO RESOURCES Corp,2014,Market Transition,74,86,62,77,61,0,-46.4285714,163,4,-4.9723109
ANTERO RESOURCES Corp,2014,Professional Skills Development,38,36,84,82,79,0,-46.4285714,118,5,-3.599587
ANTERO RESOURCES Corp,2014,"Provisioning services (Raw Materials, Nutrients, Food, Energy)",93,117,100,116,96,0,-46.4285714,233,6,-7.1076591
ANTERO RESOURCES Corp,2014,Regulated Carbon Price,67,75,79,74,79,0,-46.4285714,149,7,-4.5452412
ANTERO RESOURCES Corp,2014,Wages and Benefits,42,49,96,84,100,0,-46.4285714,133,8,-4.0571616
ANTERO RESOURCES Corp,2014,Well-being and health,29,21,52,48,43,0,-46.4285714,69,9,-2.1048433
Callon Petroleum Co,2014,Associated Energy Costs,100,111,78,70,66,69,-10.7526882,250,0,-1.4959221
Callon Petroleum Co,2014,Dividend/reinvestment balance for long-term growth,32,18,68,42,77,0,-10.7526882,60,1,-0.3590213
Callon Petroleum Co,2014,GDP and Disposable Income,77,64,68,52,68,71,-10.7526882,187,2,-1.1189497
Callon Petroleum Co,2014,Innovation,85,80,71,61,65,66,-10.7526882,207,3,-1.2386235
Callon Petroleum Co,2014,Market Transition,74,93,62,57,61,63,-10.7526882,213,4,-1.2745256
Callon Petroleum Co,2014,Professional Skills Development,38,37,84,72,79,62,-10.7526882,171,5,-1.0232107
Callon Petroleum Co,2014,"Provisioning services (Raw Materials, Nutrients, Food, Energy)",93,134,100,98,96,81,-10.7526882,313,6,-1.8728945
Callon Petroleum Co,2014,Regulated Carbon Price,67,53,79,64,79,69,-10.7526882,186,7,-1.1129661
Callon Petroleum Co,2014,Wages and Benefits,42,34,96,67,100,72,-10.7526882,173,8,-1.0351781
Callon Petroleum Co,2014,Well-being and health,29,9,52,28,43,0,-10.7526882,37,9,-0.2213965
ConocoPhillips,2014,Associated Energy Costs,100,90,78,69,66,58,-11.4996446,217,0,-1.2384233
ConocoPhillips,2014,Dividend/reinvestment balance for long-term growth,32,43,68,102,77,112,-11.4996446,257,1,-1.4667041
ConocoPhillips,2014,GDP and Disposable Income,77,80,68,56,68,58,-11.4996446,194,2,-1.1071618
ConocoPhillips,2014,Innovation,85,74,71,55,65,51,-11.4996446,180,3,-1.0272635
ConocoPhillips,2014,Market Transition,74,57,62,45,61,51,-11.4996446,153,4,-0.873174
ConocoPhillips,2014,Professional Skills Development,38,67,84,128,79,75,-11.4996446,270,5,-1.5408953
ConocoPhillips,2014,"Provisioning services (Raw Materials, Nutrients, Food, Energy)",93,52,100,66,96,78,-11.4996446,196,6,-1.1185759
ConocoPhillips,2014,Regulated Carbon Price,67,82,79,68,79,55,-11.4996446,205,7,-1.169939
ConocoPhillips,2014,Wages and Benefits,42,51,96,71,100,78,-11.4996446,200,8,-1.1414039
ConocoPhillips,2014,Well-being and health,29,29,52,73,43,41,-11.4996446,143,9,-0.8161038
"EOG Resources, Inc.",2014,Associated Energy Costs,100,126,78,81,66,0,86.9726281,207,0,12.1479987
"EOG Resources, Inc.",2014,Dividend/reinvestment balance for long-term growth,32,26,68,65,77,0,86.9726281,91,1,5.3404245
"EOG Resources, Inc.",2014,GDP and Disposable Income,77,111,68,76,68,0,86.9726281,187,2,10.974279
"EOG Resources, Inc.",2014,Innovation,85,117,71,76,65,0,86.9726281,193,3,11.3263949
"EOG Resources, Inc.",2014,Market Transition,74,74,62,58,61,0,86.9726281,132,4,7.7465499
"EOG Resources, Inc.",2014,Professional Skills Development,38,35,84,67,79,0,86.9726281,102,5,5.9859704
"EOG Resources, Inc.",2014,"Provisioning services (Raw Materials, Nutrients, Food, Energy)",93,132,100,113,96,0,86.9726281,245,6,14.378066
"EOG Resources, Inc.",2014,Regulated Carbon Price,67,58,79,75,79,0,86.9726281,133,7,7.8052359
"EOG Resources, Inc.",2014,Wages and Benefits,42,33,96,112,100,0,86.9726281,145,8,8.5094677
"EOG Resources, Inc.",2014,Well-being and health,29,15,52,32,43,0,86.9726281,47,9,2.7582412
EQT Corp,2014,Associated Energy Costs,100,62,78,64,66,54,-14.5509663,180,0,-1.5452354
EQT Corp,2014,Dividend/reinvestment balance for long-term growth,32,23,68,64,77,0,-14.5509663,87,1,-0.7468638
EQT Corp,2014,GDP and Disposable Income,77,58,68,73,68,67,-14.5509663,198,2,-1.6997589
EQT Corp,2014,Innovation,85,65,71,75,65,57,-14.5509663,197,3,-1.6911743
EQT Corp,2014,Market Transition,74,50,62,60,61,56,-14.5509663,166,4,-1.4250504
EQT Corp,2014,Professional Skills Development,38,14,84,43,79,41,-14.5509663,98,5,-0.8412948
EQT Corp,2014,"Provisioning services (Raw Materials, Nutrients, Food, Energy)",93,51,100,76,96,98,-14.5509663,225,6,-1.9315442
EQT Corp,2014,Regulated Carbon Price,67,71,79,86,79,74,-14.5509663,231,7,-1.983052
EQT Corp,2014,Wages and Benefits,42,36,96,74,100,88,-14.5509663,198,8,-1.6997589
EQT Corp,2014,Well-being and health,29,40,52,44,43,31,-14.5509663,115,9,-0.9872337
Enerplus Resources (USA) Corporation,2014,Associated Energy Costs,100,182,78,82,66,74,-49.3759361,338,0,-7.303749
Enerplus Resources (USA) Corporation,2014,Dividend/reinvestment balance for long-term growth,32,25,68,51,77,41,-49.3759361,117,1,-2.5282208
Enerplus Resources (USA) Corporation,2014,GDP and Disposable Income,77,139,68,86,68,78,-49.3759361,303,2,-6.5474436
Enerplus Resources (USA) Corporation,2014,Innovation,85,137,71,78,65,77,-49.3759361,292,3,-6.3097476
Enerplus Resources (USA) Corporation,2014,Market Transition,74,141,62,72,61,75,-49.3759361,288,4,-6.2233127
Enerplus Resources (USA) Corporation,2014,Professional Skills Development,38,27,84,54,79,38,-49.3759361,119,5,-2.5714382
Enerplus Resources (USA) Corporation,2014,"Provisioning services (Raw Materials, Nutrients, Food, Energy)",93,128,100,100,96,93,-49.3759361,321,6,-6.9364007
Enerplus Resources (USA) Corporation,2014,Regulated Carbon Price,67,56,79,72,79,64,-49.3759361,192,7,-4.1488752
Enerplus Resources (USA) Corporation,2014,Wages and Benefits,42,30,96,52,100,71,-49.3759361,153,8,-3.3061349
Enerplus Resources (USA) Corporation,2014,Well-being and health,29,41,52,71,43,50,-49.3759361,162,9,-3.5006134
Hess,2014,Associated Energy Costs,100,79,78,62,66,57,-18.1105212,198,0,-1.9013166
Hess,2014,Dividend/reinvestment balance for long-term growth,32,27,68,57,77,60,-18.1105212,144,1,-1.3827757
Hess,2014,GDP and Disposable Income,77,65,68,58,68,69,-18.1105212,192,2,-1.843701
Hess,2014,Innovation,85,62,71,50,65,43,-18.1105212,155,3,-1.4884044
Hess,2014,Market Transition,74,65,62,50,61,45,-18.1105212,160,4,-1.5364175
Hess,2014,Professional Skills Development,38,26,84,59,79,45,-18.1105212,130,5,-1.2483392
Hess,2014,"Provisioning services (Raw Materials, Nutrients, Food, Energy)",93,48,100,65,96,76,-18.1105212,189,6,-1.8148932
Hess,2014,Regulated Carbon Price,67,104,79,140,79,117,-18.1105212,361,7,-3.466542
Hess,2014,Wages and Benefits,42,43,96,82,100,102,-18.1105212,227,8,-2.1797923
Hess,2014,Well-being and health,29,31,52,57,43,42,-18.1105212,130,9,-1.2483392
MARATHON OIL,2014,Associated Energy Costs,100,119,78,87,66,77,-26.4921171,283,0,-3.1264675
MARATHON OIL,2014,Dividend/reinvestment balance for long-term growth,32,46,68,114,77,87,-26.4921171,247,1,-2.7287543
MARATHON OIL,2014,GDP and Disposable Income,77,89,68,73,68,74,-26.4921171,236,2,-2.6072309
MARATHON OIL,2014,Innovation,85,80,71,76,65,71,-26.4921171,227,3,-2.5078026
MARATHON OIL,2014,Market Transition,74,93,62,65,61,69,-26.4921171,227,4,-2.5078026
MARATHON OIL,2014,Professional Skills Development,38,47,84,121,79,91,-26.4921171,259,5,-2.8613254
MARATHON OIL,2014,"Provisioning services (Raw Materials, Nutrients, Food, Energy)",93,120,100,148,96,110,-26.4921171,378,6,-4.1759884
MARATHON OIL,2014,Regulated Carbon Price,67,76,79,91,79,74,-26.4921171,241,7,-2.6624688
MARATHON OIL,2014,Wages and Benefits,42,40,96,114,100,82,-26.4921171,236,8,-2.6072309
MARATHON OIL,2014,Well-being and health,29,19,52,45,43,0,-26.4921171,64,9,-0.7070457
PIONEER NATURAL RESOURCES,2014,Associated Energy Costs,100,136,78,108,66,0,-12.6269103,244,0,-1.9928629
PIONEER NATURAL RESOURCES,2014,Dividend/reinvestment balance for long-term growth,32,48,68,72,77,0,-12.6269103,120,1,-0.9800965
PIONEER NATURAL RESOURCES,2014,GDP and Disposable Income,77,71,68,65,68,0,-12.6269103,136,2,-1.1107761
PIONEER NATURAL RESOURCES,2014,Innovation,85,113,71,99,65,0,-12.6269103,212,3,-1.7315039
PIONEER NATURAL RESOURCES,2014,Market Transition,74,87,62,63,61,0,-12.6269103,150,4,-1.2251207
PIONEER NATURAL RESOURCES,2014,Professional Skills Development,38,51,84,97,79,0,-12.6269103,148,5,-1.2087857
PIONEER NATURAL RESOURCES,2014,"Provisioning services (Raw Materials, Nutrients, Food, Energy)",93,82,100,86,96,0,-12.6269103,168,6,-1.3721351
PIONEER NATURAL RESOURCES,2014,Regulated Carbon Price,67,47,79,63,79,0,-12.6269103,110,7,-0.8984218
PIONEER NATURAL RESOURCES,2014,Wages and Benefits,42,33,96,98,100,0,-12.6269103,131,8,-1.0699387
PIONEER NATURAL RESOURCES,2014,Well-being and health,29,38,52,89,43,0,-12.6269103,127,9,-1.0372688
Range Resources,2014,Associated Energy Costs,100,129,78,94,66,71,-37.2785344,294,0,-4.9191603
Range Resources,2014,Dividend/reinvestment balance for long-term growth,32,27,68,48,77,72,-37.2785344,147,1,-2.4595801
Range Resources,2014,GDP and Disposable Income,77,92,68,77,68,73,-37.2785344,242,2,-4.0491047
Range Resources,2014,Innovation,85,102,71,74,65,70,-37.2785344,246,3,-4.1160321
Range Resources,2014,Market Transition,74,87,62,72,61,70,-37.2785344,229,4,-3.8315908
Range Resources,2014,Professional Skills Development,38,32,84,76,79,57,-37.2785344,165,5,-2.7607532
Range Resources,2014,"Provisioning services (Raw Materials, Nutrients, Food, Energy)",93,134,100,131,96,93,-37.2785344,358,6,-5.9899979
Range Resources,2014,Regulated Carbon Price,67,57,79,76,79,94,-37.2785344,227,7,-3.7981272
Range Resources,2014,Wages and Benefits,42,34,96,127,100,112,-37.2785344,273,8,-4.5677917
Range Resources,2014,Well-being and health,29,13,52,34,43,0,-37.2785344,47,9,-0.7863964
SM Energy Co,2014,Associated Energy Costs,100,143,78,76,66,59,-27.5073643,278,0,-3.4214977
SM Energy Co,2014,Dividend/reinvestment balance for long-term growth,32,49,68,88,77,84,-27.5073643,221,1,-2.7199676
SM Energy Co,2014,GDP and Disposable Income,77,106,68,65,68,59,-27.5073643,230,2,-2.8307355
SM Energy Co,2014,Innovation,85,149,71,70,65,59,-27.5073643,278,3,-3.4214977
SM Energy Co,2014,Market Transition,74,119,62,76,61,64,-27.5073643,259,4,-3.1876543
SM Energy Co,2014,Professional Skills Development,38,49,84,99,79,81,-27.5073643,229,5,-2.8184279
SM Energy Co,2014,"Provisioning services (Raw Materials, Nutrients, Food, Energy)",93,111,100,109,96,89,-27.5073643,309,6,-3.8030316
SM Energy Co,2014,Regulated Carbon Price,67,58,79,82,79,62,-27.5073643,202,7,-2.4861242
SM Energy Co,2014,Wages and Benefits,42,27,96,82,100,72,-27.5073643,181,8,-2.2276657
SM Energy Co,2014,Well-being and health,29,14,52,34,43,0,-27.5073643,48,9,-0.5907622
SOUTHWESTERN ENERGY CO,2014,Associated Energy Costs,100,176,78,102,66,0,-49.5979135,278,0,-7.9015587
SOUTHWESTERN ENERGY CO,2014,Dividend/reinvestment balance for long-term growth,32,30,68,52,77,0,-49.5979135,82,1,-2.3306756
SOUTHWESTERN ENERGY CO,2014,GDP and Disposable Income,77,141,68,86,68,0,-49.5979135,227,2,-6.4519922
SOUTHWESTERN ENERGY CO,2014,Innovation,85,124,71,90,65,0,-49.5979135,214,3,-6.0824948
SOUTHWESTERN ENERGY CO,2014,Market Transition,74,114,62,75,61,0,-49.5979135,189,4,-5.371923
SOUTHWESTERN ENERGY CO,2014,Professional Skills Development,38,52,84,95,79,0,-49.5979135,147,5,-4.1781623
SOUTHWESTERN ENERGY CO,2014,"Provisioning services (Raw Materials, Nutrients, Food, Energy)",93,126,100,151,96,0,-49.5979135,277,6,-7.8731358
SOUTHWESTERN ENERGY CO,2014,Regulated Carbon Price,67,77,79,82,79,0,-49.5979135,159,7,-4.5192368
SOUTHWESTERN ENERGY CO,2014,Wages and Benefits,42,37,96,77,100,0,-49.5979135,114,8,-3.2402075
SOUTHWESTERN ENERGY CO,2014,Well-being and health,29,19,52,39,43,0,-49.5979135,58,9,-1.6485266
Seneca Resources/NATIONAL FUEL GAS CO,2014,Associated Energy Costs,100,42,78,49,66,39,-13.8635066,130,0,-2.7101592
Seneca Resources/NATIONAL FUEL GAS CO,2014,Dividend/reinvestment balance for long-term growth,32,10,68,21,77,36,-13.8635066,67,1,-1.3967743
Seneca Resources/NATIONAL FUEL GAS CO,2014,GDP and Disposable Income,77,26,68,31,68,31,-13.8635066,88,2,-1.8345693
Seneca Resources/NATIONAL FUEL GAS CO,2014,Innovation,85,28,71,28,65,30,-13.8635066,86,3,-1.7928745
Seneca Resources/NATIONAL FUEL GAS CO,2014,Market Transition,74,21,62,35,61,34,-13.8635066,90,4,-1.8762641
Seneca Resources/NATIONAL FUEL GAS CO,2014,Professional Skills Development,38,7,84,23,79,0,-13.8635066,30,5,-0.6254214
Seneca Resources/NATIONAL FUEL GAS CO,2014,"Provisioning services (Raw Materials, Nutrients, Food, Energy)",93,26,100,49,96,43,-13.8635066,118,6,-2.4599906
Seneca Resources/NATIONAL FUEL GAS CO,2014,Wages and Benefits,42,9,96,17,100,30,-13.8635066,56,8,-1.1674532
"VITAL ENERGY, INC.",2014,Associated Energy Costs,100,132,78,89,66,73,-49.5746326,294,0,-6.3897159
"VITAL ENERGY, INC.",2014,Dividend/reinvestment balance for long-term growth,32,18,68,39,77,0,-49.5746326,57,1,-1.2388225
"VITAL ENERGY, INC.",2014,GDP and Disposable Income,77,80,68,70,68,70,-49.5746326,220,2,-4.7814201
"VITAL ENERGY, INC.",2014,Innovation,85,121,71,87,65,65,-49.5746326,273,3,-5.9333076
"VITAL ENERGY, INC.",2014,Market Transition,74,98,62,71,61,61,-49.5746326,230,4,-4.9987573
"VITAL ENERGY, INC.",2014,Professional Skills Development,38,57,84,107,79,75,-49.5746326,239,5,-5.1943609
"VITAL ENERGY, INC.",2014,"Provisioning services (Raw Materials, Nutrients, Food, Energy)",93,164,100,167,96,111,-49.5746326,442,6,-9.6063076
"VITAL ENERGY, INC.",2014,Regulated Carbon Price,67,75,79,84,79,86,-49.5746326,245,7,-5.3247633
"VITAL ENERGY, INC.",2014,Wages and Benefits,42,42,96,104,100,83,-49.5746326,229,8,-4.9770236
"VITAL ENERGY, INC.",2014,Well-being and health,29,16,52,36,43,0,-49.5746326,52,9,-1.1301538
ANTERO RESOURCES Corp,2016,Associated Energy Costs,97,125,74,100,77,84,-19.464211,309,0,-2.611568
ANTERO RESOURCES Corp,2016,Dividend/reinvestment balance for long-term growth,30,19,54,31,66,0,-19.464211,50,1,-0.4225838
ANTERO RESOURCES Corp,2016,GDP and Disposable Income,77,100,65,94,76,89,-19.464211,283,2,-2.3918245
ANTERO RESOURCES Corp,2016,Innovation,85,121,66,91,80,81,-19.464211,293,3,-2.4763412
ANTERO RESOURCES Corp,2016,Market Transition,72,94,58,76,70,80,-19.464211,250,4,-2.1129191
ANTERO RESOURCES Corp,2016,Professional Skills Development,32,39,60,76,70,64,-19.464211,179,5,-1.5128501
ANTERO RESOURCES Corp,2016,"Provisioning services (Raw Materials, Nutrients, Food, Energy)",100,129,100,125,100,100,-19.464211,354,6,-2.9918935
ANTERO RESOURCES Corp,2016,Regulated Carbon Price,70,76,74,88,83,93,-19.464211,257,7,-2.1720809
ANTERO RESOURCES Corp,2016,Wages and Benefits,41,62,77,107,87,100,-19.464211,269,8,-2.273501
ANTERO RESOURCES Corp,2016,Well-being and health,29,20,50,39,52,0,-19.464211,59,9,-0.4986489
Callon Petroleum Co,2016,Associated Energy Costs,97,108,74,70,77,77,48.700565,255,0,6.7419349
Callon Petroleum Co,2016,Dividend/reinvestment balance for long-term growth,30,20,54,38,66,0,48.700565,58,1,1.5334597
Callon Petroleum Co,2016,GDP and Disposable Income,77,68,65,53,76,77,48.700565,198,2,5.2349142
Callon Petroleum Co,2016,Innovation,85,70,66,61,80,73,48.700565,204,3,5.3935479
Callon Petroleum Co,2016,Market Transition,72,86,58,56,70,69,48.700565,211,4,5.5786206
Callon Petroleum Co,2016,Professional Skills Development,32,36,60,64,70,74,48.700565,174,5,4.6003791
Callon Petroleum Co,2016,"Provisioning services (Raw Materials, Nutrients, Food, Energy)",100,157,100,107,100,92,48.700565,356,6,9.4122699
Callon Petroleum Co,2016,Regulated Carbon Price,70,56,74,55,83,78,48.700565,189,7,4.9969635
Callon Petroleum Co,2016,Wages and Benefits,41,29,77,56,87,79,48.700565,164,8,4.3359895
Callon Petroleum Co,2016,Well-being and health,29,10,50,23,52,0,48.700565,33,9,0.8724857
ConocoPhillips,2016,Associated Energy Costs,97,119,74,63,77,66,23.8390862,248,0,3.1717239
ConocoPhillips,2016,Dividend/reinvestment balance for long-term growth,30,32,54,46,66,0,23.8390862,78,1,0.9975583
ConocoPhillips,2016,GDP and Disposable Income,77,103,65,60,76,72,23.8390862,235,2,3.0054642
ConocoPhillips,2016,Innovation,85,115,66,54,80,61,23.8390862,230,3,2.9415181
ConocoPhillips,2016,Market Transition,72,84,58,42,70,62,23.8390862,188,4,2.4043714
ConocoPhillips,2016,Professional Skills Development,32,30,60,43,70,46,23.8390862,119,5,1.5219159
ConocoPhillips,2016,"Provisioning services (Raw Materials, Nutrients, Food, Energy)",100,61,100,56,100,84,23.8390862,201,6,2.5706311
ConocoPhillips,2016,Regulated Carbon Price,70,97,74,81,83,81,23.8390862,259,7,3.3124052
ConocoPhillips,2016,Wages and Benefits,41,46,77,63,87,95,23.8390862,204,8,2.6089987
ConocoPhillips,2016,Well-being and health,29,19,50,42,52,41,23.8390862,102,9,1.3044994
"EOG Resources, Inc.",2016,Associated Energy Costs,97,137,74,84,77,73,34.3993326,294,0,4.4221267
"EOG Resources, Inc.",2016,Dividend/reinvestment balance for long-term growth,30,30,54,51,66,81,34.3993326,162,1,2.4366821
"EOG Resources, Inc.",2016,GDP and Disposable Income,77,116,65,75,76,75,34.3993326,266,2,4.0009718
"EOG Resources, Inc.",2016,Innovation,85,126,66,76,80,74,34.3993326,276,3,4.1513843
"EOG Resources, Inc.",2016,Market Transition,72,84,58,58,70,70,34.3993326,212,4,3.1887444
"EOG Resources, Inc.",2016,Professional Skills Development,32,39,60,66,70,67,34.3993326,172,5,2.5870945
"EOG Resources, Inc.",2016,"Provisioning services (Raw Materials, Nutrients, Food, Energy)",100,156,100,121,100,102,34.3993326,379,6,5.7006327
"EOG Resources, Inc.",2016,Regulated Carbon Price,70,58,74,62,83,88,34.3993326,208,7,3.1285794
"EOG Resources, Inc.",2016,Wages and Benefits,41,38,77,118,87,116,34.3993326,272,8,4.0912193
"EOG Resources, Inc.",2016,Well-being and health,29,15,50,31,52,0,34.3993326,46,9,0.6918974
EQT Corp,2016,Associated Energy Costs,97,64,74,69,77,57,-9.1256831,190,0,-1.1208014
EQT Corp,2016,Dividend/reinvestment balance for long-term growth,30,21,54,50,66,0,-9.1256831,71,1,-0.4188258
EQT Corp,2016,GDP and Disposable Income,77,56,65,63,76,61,-9.1256831,180,2,-1.0618119
EQT Corp,2016,Innovation,85,55,66,66,80,51,-9.1256831,172,3,-1.0146202
EQT Corp,2016,Market Transition,72,47,58,51,70,51,-9.1256831,149,4,-0.8789443
EQT Corp,2016,Professional Skills Development,32,13,60,30,70,31,-9.1256831,74,5,-0.4365227
EQT Corp,2016,"Provisioning services (Raw Materials, Nutrients, Food, Energy)",100,55,100,70,100,91,-9.1256831,216,6,-1.2741742
EQT Corp,2016,Regulated Carbon Price,70,80,74,74,83,70,-9.1256831,224,7,-1.3213659
EQT Corp,2016,Wages and Benefits,41,25,77,65,87,85,-9.1256831,175,8,-1.0323171
EQT Corp,2016,Well-being and health,29,27,50,34,52,35,-9.1256831,96,9,-0.5662997
Enerplus Resources (USA) Corporation,2016,Associated Energy Costs,97,174,74,104,77,93,104.8346056,371,0,15.7464124
Enerplus Resources (USA) Corporation,2016,Dividend/reinvestment balance for long-term growth,30,31,54,49,66,0,104.8346056,80,1,3.3954528
Enerplus Resources (USA) Corporation,2016,GDP and Disposable Income,77,104,65,83,76,94,104.8346056,281,2,11.926528
Enerplus Resources (USA) Corporation,2016,Innovation,85,120,66,81,80,96,104.8346056,297,3,12.6056186
Enerplus Resources (USA) Corporation,2016,Market Transition,72,144,58,91,70,96,104.8346056,331,4,14.048686
Enerplus Resources (USA) Corporation,2016,Professional Skills Development,32,37,60,52,70,70,104.8346056,159,5,6.7484625
Enerplus Resources (USA) Corporation,2016,"Provisioning services (Raw Materials, Nutrients, Food, Energy)",100,161,100,125,100,116,104.8346056,402,6,17.0621504
Enerplus Resources (USA) Corporation,2016,Regulated Carbon Price,70,72,74,75,83,98,104.8346056,245,7,10.3985742
Enerplus Resources (USA) Corporation,2016,Wages and Benefits,41,42,77,56,87,88,104.8346056,186,8,7.8944278
Enerplus Resources (USA) Corporation,2016,Well-being and health,29,32,50,45,52,41,104.8346056,118,9,5.0082929
Hess,2016,Associated Energy Costs,97,78,74,64,77,64,-8.4330484,206,0,-0.8549252
Hess,2016,Dividend/reinvestment balance for long-term growth,30,32,54,62,66,77,-8.4330484,171,1,-0.7096709
Hess,2016,GDP and Disposable Income,77,71,65,56,76,67,-8.4330484,194,2,-0.8051237
Hess,2016,Innovation,85,76,66,53,80,53,-8.4330484,182,3,-0.7553222
Hess,2016,Market Transition,72,60,58,48,70,54,-8.4330484,162,4,-0.6723198
Hess,2016,Professional Skills Development,32,28,60,58,70,55,-8.4330484,141,5,-0.5851672
Hess,2016,"Provisioning services (Raw Materials, Nutrients, Food, Energy)",100,54,100,66,100,78,-8.4330484,198,6,-0.8217242
Hess,2016,Regulated Carbon Price,70,140,74,124,83,109,-8.4330484,373,7,-1.5479956
Hess,2016,Wages and Benefits,41,52,77,78,87,94,-8.4330484,224,8,-0.9296274
Hess,2016,Well-being and health,29,46,50,71,52,64,-8.4330484,181,9,-0.7511721
MARATHON OIL,2016,Associated Energy Costs,97,132,74,86,77,0,41.8312388,218,0,5.1696202
MARATHON OIL,2016,Dividend/reinvestment balance for long-term growth,30,52,54,144,66,0,41.8312388,196,1,4.6479154
MARATHON OIL,2016,GDP and Disposable Income,77,94,65,74,76,0,41.8312388,168,2,3.9839275
MARATHON OIL,2016,Innovation,85,104,66,74,80,0,41.8312388,178,3,4.221066
MARATHON OIL,2016,Market Transition,72,100,58,67,70,0,41.8312388,167,4,3.9602137
MARATHON OIL,2016,Professional Skills Development,32,52,60,122,70,0,41.8312388,174,5,4.1262106
MARATHON OIL,2016,"Provisioning services (Raw Materials, Nutrients, Food, Energy)",100,121,100,163,100,0,41.8312388,284,6,6.7347346
MARATHON OIL,2016,Regulated Carbon Price,70,74,74,89,83,0,41.8312388,163,7,3.8653582
MARATHON OIL,2016,Wages and Benefits,41,42,77,121,87,0,41.8312388,163,8,3.8653582
MARATHON OIL,2016,Well-being and health,29,15,50,38,52,0,41.8312388,53,9,1.2568343
PIONEER NATURAL RESOURCES,2016,Associated Energy Costs,97,122,74,87,77,81,32.3220122,290,0,4.6402889
PIONEER NATURAL RESOURCES,2016,Dividend/reinvestment balance for long-term growth,30,44,54,63,66,0,32.3220122,107,1,1.7121066
PIONEER NATURAL RESOURCES,2016,GDP and Disposable Income,77,65,65,52,76,61,32.3220122,178,2,2.8481773
PIONEER NATURAL RESOURCES,2016,Innovation,85,98,66,80,80,78,32.3220122,256,3,4.096255
PIONEER NATURAL RESOURCES,2016,Market Transition,72,70,58,50,70,60,32.3220122,180,4,2.8801793
PIONEER NATURAL RESOURCES,2016,Professional Skills Development,32,55,60,94,70,80,32.3220122,229,5,3.6642281
PIONEER NATURAL RESOURCES,2016,"Provisioning services (Raw Materials, Nutrients, Food, Energy)",100,79,100,85,100,103,32.3220122,267,6,4.272266
PIONEER NATURAL RESOURCES,2016,Regulated Carbon Price,70,64,74,70,83,62,32.3220122,196,7,3.1361952
PIONEER NATURAL RESOURCES,2016,Wages and Benefits,41,36,77,89,87,58,32.3220122,183,8,2.9281823
PIONEER NATURAL RESOURCES,2016,Well-being and health,29,32,50,59,52,43,32.3220122,134,9,2.1441335
Range Resources,2016,Associated Energy Costs,97,135,74,89,77,85,-10.1297097,309,0,-1.3052879
Range Resources,2016,Dividend/reinvestment balance for long-term growth,30,33,54,53,66,85,-10.1297097,171,1,-0.7223438
Range Resources,2016,GDP and Disposable Income,77,94,65,72,76,83,-10.1297097,249,2,-1.0518339
Range Resources,2016,Innovation,85,112,66,77,80,82,-10.1297097,271,3,-1.144767
Range Resources,2016,Market Transition,72,87,58,68,70,82,-10.1297097,237,4,-1.0011431
Range Resources,2016,Professional Skills Development,32,33,60,73,70,65,-10.1297097,171,5,-0.7223438
Range Resources,2016,"Provisioning services (Raw Materials, Nutrients, Food, Energy)",100,145,100,125,100,105,-10.1297097,375,6,-1.5840872
Range Resources,2016,Regulated Carbon Price,70,68,74,79,83,116,-10.1297097,263,7,-1.1109732
Range Resources,2016,Wages and Benefits,41,39,77,127,87,138,-10.1297097,304,8,-1.2841667
Range Resources,2016,Well-being and health,29,15,50,33,52,0,-10.1297097,48,9,-0.2027632
SM Energy Co,2016,Associated Energy Costs,97,138,74,66,77,0,28.1750267,204,0,3.8549332
SM Energy Co,2016,Dividend/reinvestment balance for long-term growth,30,41,54,71,66,0,28.1750267,112,1,2.1164339
SM Energy Co,2016,GDP and Disposable Income,77,101,65,58,76,0,28.1750267,159,2,3.0045803
SM Energy Co,2016,Innovation,85,136,66,65,80,0,28.1750267,201,3,3.798243
SM Energy Co,2016,Market Transition,72,108,58,67,70,0,28.1750267,175,4,3.306928
SM Energy Co,2016,Professional Skills Development,32,45,60,93,70,0,28.1750267,138,5,2.607749
SM Energy Co,2016,"Provisioning services (Raw Materials, Nutrients, Food, Energy)",100,120,100,109,100,0,28.1750267,229,6,4.3273515
SM Energy Co,2016,Regulated Carbon Price,70,62,74,67,83,0,28.1750267,129,7,2.4376784
SM Energy Co,2016,Wages and Benefits,41,33,77,65,87,0,28.1750267,98,8,1.8518797
SM Energy Co,2016,Well-being and health,29,14,50,32,52,0,28.1750267,46,9,0.8692497
SOUTHWESTERN ENERGY CO,2016,Associated Energy Costs,97,119,74,67,77,74,1.2391574,260,0,0.1581644
SOUTHWESTERN ENERGY CO,2016,Dividend/reinvestment balance for long-term growth,30,26,54,42,66,0,1.2391574,68,1,0.0413661
SOUTHWESTERN ENERGY CO,2016,GDP and Disposable Income,77,117,65,68,76,74,1.2391574,259,2,0.1575561
SOUTHWESTERN ENERGY CO,2016,Innovation,85,96,66,58,80,72,1.2391574,226,3,0.1374814
SOUTHWESTERN ENERGY CO,2016,Market Transition,72,93,58,55,70,72,1.2391574,220,4,0.1338314
SOUTHWESTERN ENERGY CO,2016,Professional Skills Development,32,30,60,64,70,73,1.2391574,167,5,0.1015902
SOUTHWESTERN ENERGY CO,2016,"Provisioning services (Raw Materials, Nutrients, Food, Energy)",100,90,100,93,100,112,1.2391574,295,6,0.1794558
SOUTHWESTERN ENERGY CO,2016,Regulated Carbon Price,70,62,74,71,83,82,1.2391574,215,7,0.1307898
SOUTHWESTERN ENERGY CO,2016,Wages and Benefits,41,34,77,52,87,68,1.2391574,154,8,0.093682
SOUTHWESTERN ENERGY CO,2016,Well-being and health,29,58,50,64,52,51,1.2391574,173,9,0.1052402
Seneca Resources/NATIONAL FUEL GAS CO,2016,Associated Energy Costs,97,74,74,87,77,85,19.1208791,246,0,2.2767358
Seneca Resources/NATIONAL FUEL GAS CO,2016,Dividend/reinvestment balance for long-term growth,30,38,54,53,66,56,19.1208791,147,1,1.3604885
Seneca Resources/NATIONAL FUEL GAS CO,2016,GDP and Disposable Income,77,74,65,77,76,84,19.1208791,235,2,2.1749306
Seneca Resources/NATIONAL FUEL GAS CO,2016,Innovation,85,83,66,82,80,81,19.1208791,246,3,2.2767358
Seneca Resources/NATIONAL FUEL GAS CO,2016,Market Transition,72,73,58,72,70,82,19.1208791,227,4,2.1008904
Seneca Resources/NATIONAL FUEL GAS CO,2016,Professional Skills Development,32,24,60,63,70,61,19.1208791,148,5,1.3697435
Seneca Resources/NATIONAL FUEL GAS CO,2016,"Provisioning services (Raw Materials, Nutrients, Food, Energy)",100,102,100,124,100,108,19.1208791,334,6,3.0911779
Seneca Resources/NATIONAL FUEL GAS CO,2016,Regulated Carbon Price,70,66,74,65,83,75,19.1208791,206,7,1.9065349
Seneca Resources/NATIONAL FUEL GAS CO,2016,Wages and Benefits,41,54,77,103,87,82,19.1208791,239,8,2.2119507
Seneca Resources/NATIONAL FUEL GAS CO,2016,Well-being and health,29,12,50,26,52,0,19.1208791,38,9,0.3516909
"VITAL ENERGY, INC.",2016,Associated Energy Costs,97,133,74,78,77,83,84.110971,294,0,10.3423779
"VITAL ENERGY, INC.",2016,Dividend/reinvestment balance for long-term growth,30,27,54,55,66,0,84.110971,82,1,2.8846088
"VITAL ENERGY, INC.",2016,GDP and Disposable Income,77,111,65,68,76,88,84.110971,267,2,9.3925677
"VITAL ENERGY, INC.",2016,Innovation,85,141,66,83,80,89,84.110971,313,3,11.0107628
"VITAL ENERGY, INC.",2016,Market Transition,72,117,58,68,70,88,84.110971,273,4,9.6036366
"VITAL ENERGY, INC.",2016,Professional Skills Development,32,54,60,91,70,84,84.110971,229,5,8.0557977
"VITAL ENERGY, INC.",2016,"Provisioning services (Raw Materials, Nutrients, Food, Energy)",100,157,100,155,100,122,84.110971,434,6,15.2673197
"VITAL ENERGY, INC.",2016,Regulated Carbon Price,70,58,74,74,83,102,84.110971,234,7,8.2316885
"VITAL ENERGY, INC.",2016,Wages and Benefits,41,34,77,77,87,100,84.110971,211,8,7.4225909
"VITAL ENERGY, INC.",2016,Well-being and health,29,21,50,33,52,0,84.110971,54,9,1.8996204
ANTERO RESOURCES Corp,2017,Associated Energy Costs,97,114,72,88,79,83,-52.1829522,285,0,-6.651226
ANTERO RESOURCES Corp,2017,Dividend/reinvestment balance for long-term growth,31,20,58,30,74,0,-52.1829522,50,1,-1.1668818
ANTERO RESOURCES Corp,2017,GDP and Disposable Income,78,84,65,84,81,87,-52.1829522,255,2,-5.951097
ANTERO RESOURCES Corp,2017,Innovation,87,121,66,95,76,81,-52.1829522,297,3,-6.9312776
ANTERO RESOURCES Corp,2017,Market Transition,74,85,58,71,74,80,-52.1829522,236,4,-5.5076819
ANTERO RESOURCES Corp,2017,Professional Skills Development,33,34,62,68,70,71,-52.1829522,173,5,-4.0374109
ANTERO RESOURCES Corp,2017,"Provisioning services (Raw Materials, Nutrients, Food, Energy)",100,131,100,116,100,107,-52.1829522,354,6,-8.2615228
ANTERO RESOURCES Corp,2017,Regulated Carbon Price,79,82,80,93,92,90,-52.1829522,265,7,-6.1844733
ANTERO RESOURCES Corp,2017,Wages and Benefits,42,56,85,101,87,109,-52.1829522,266,8,-6.207811
ANTERO RESOURCES Corp,2017,Well-being and health,25,21,40,34,51,0,-52.1829522,55,9,-1.2835699
Callon Petroleum Co,2017,Associated Energy Costs,97,108,72,68,79,72,0.6079027,248,0,0.0762955
Callon Petroleum Co,2017,Dividend/reinvestment balance for long-term growth,31,32,58,75,74,0,0.6079027,107,1,0.0329178
Callon Petroleum Co,2017,GDP and Disposable Income,78,66,65,57,81,65,0.6079027,188,2,0.0578369
Callon Petroleum Co,2017,Innovation,87,65,66,61,76,65,0.6079027,191,3,0.0587598
Callon Petroleum Co,2017,Market Transition,74,78,58,56,74,61,0.6079027,195,4,0.0599904
Callon Petroleum Co,2017,Professional Skills Development,33,37,62,64,70,72,0.6079027,173,5,0.0532223
Callon Petroleum Co,2017,"Provisioning services (Raw Materials, Nutrients, Food, Energy)",100,143,100,105,100,98,0.6079027,346,6,0.1064445
Callon Petroleum Co,2017,Regulated Carbon Price,79,68,80,77,92,78,0.6079027,223,7,0.0686044
Callon Petroleum Co,2017,Wages and Benefits,42,39,85,115,87,109,0.6079027,263,8,0.0809101
Callon Petroleum Co,2017,Well-being and health,25,9,40,33,51,0,0.6079027,42,9,0.012921
ConocoPhillips,2017,Associated Energy Costs,97,109,72,61,79,62,18.8891117,232,0,2.1988329
ConocoPhillips,2017,Dividend/reinvestment balance for long-term growth,31,42,58,75,74,103,18.8891117,220,1,2.0851001
ConocoPhillips,2017,GDP and Disposable Income,78,102,65,60,81,68,18.8891117,230,2,2.1798774
ConocoPhillips,2017,Innovation,87,98,66,57,76,63,18.8891117,218,3,2.0661447
ConocoPhillips,2017,Market Transition,74,88,58,50,74,65,18.8891117,203,4,1.9239788
ConocoPhillips,2017,Professional Skills Development,33,34,62,46,70,51,18.8891117,131,5,1.2415824
ConocoPhillips,2017,"Provisioning services (Raw Materials, Nutrients, Food, Energy)",100,66,100,58,100,87,18.8891117,211,6,1.9998006
ConocoPhillips,2017,Regulated Carbon Price,79,130,80,85,92,86,18.8891117,301,7,2.8527961
ConocoPhillips,2017,Wages and Benefits,42,50,85,69,87,90,18.8891117,209,8,1.9808451
ConocoPhillips,2017,Well-being and health,25,12,40,26,51,0,18.8891117,38,9,0.3601537
Crescent Energy Co,2017,Associated Energy Costs,97,142,72,62,79,77,-37.1057514,281,0,-5.1566351
Crescent Energy Co,2017,Dividend/reinvestment balance for long-term growth,31,28,58,48,74,80,-37.1057514,156,1,-2.8627583
Crescent Energy Co,2017,GDP and Disposable Income,78,120,65,54,81,73,-37.1057514,247,2,-4.5327006
Crescent Energy Co,2017,Innovation,87,114,66,55,76,79,-37.1057514,248,3,-4.5510516
Crescent Energy Co,2017,Market Transition,74,95,58,53,74,79,-37.1057514,227,4,-4.1656803
Crescent Energy Co,2017,Professional Skills Development,33,29,62,87,70,79,-37.1057514,195,5,-3.5784478
Crescent Energy Co,2017,"Provisioning services (Raw Materials, Nutrients, Food, Energy)",100,103,100,93,100,85,-37.1057514,281,6,-5.1566351
Crescent Energy Co,2017,Regulated Carbon Price,79,32,80,52,92,71,-37.1057514,155,7,-2.8444073
Crescent Energy Co,2017,Wages and Benefits,42,28,85,46,87,102,-37.1057514,176,8,-3.2297786
Crescent Energy Co,2017,Well-being and health,25,14,40,42,51,0,-37.1057514,56,9,-1.0276568
DEVON ENERGY CORP,2017,Associated Energy Costs,97,99,72,57,79,54,-23.801534,210,0,-2.8808773
DEVON ENERGY CORP,2017,Dividend/reinvestment balance for long-term growth,31,28,58,50,74,0,-23.801534,78,1,-1.0700401
DEVON ENERGY CORP,2017,GDP and Disposable Income,78,74,65,48,81,55,-23.801534,177,2,-2.428168
DEVON ENERGY CORP,2017,Innovation,87,81,66,53,76,54,-23.801534,188,3,-2.5790711
DEVON ENERGY CORP,2017,Market Transition,74,75,58,50,74,56,-23.801534,181,4,-2.4830419
DEVON ENERGY CORP,2017,Professional Skills Development,33,43,62,91,70,73,-23.801534,207,5,-2.8397219
DEVON ENERGY CORP,2017,"Provisioning services (Raw Materials, Nutrients, Food, Energy)",100,82,100,82,100,96,-23.801534,260,6,-3.5668005
DEVON ENERGY CORP,2017,Regulated Carbon Price,79,81,80,64,92,70,-23.801534,215,7,-2.9494696
DEVON ENERGY CORP,2017,Wages and Benefits,42,40,85,50,87,91,-23.801534,181,8,-2.4830419
DEVON ENERGY CORP,2017,Well-being and health,25,15,40,23,51,0,-23.801534,38,9,-0.5213016
"EOG Resources, Inc.",2017,Associated Energy Costs,97,122,72,65,79,67,7.5936271,254,0,0.9189049
"EOG Resources, Inc.",2017,Dividend/reinvestment balance for long-term growth,31,30,58,57,74,0,7.5936271,87,1,0.314743
"EOG Resources, Inc.",2017,GDP and Disposable Income,78,118,65,75,81,69,7.5936271,262,2,0.9478467
"EOG Resources, Inc.",2017,Innovation,87,120,66,69,76,60,7.5936271,249,3,0.9008162
"EOG Resources, Inc.",2017,Market Transition,74,80,58,47,74,58,7.5936271,185,4,0.6692811
"EOG Resources, Inc.",2017,Professional Skills Development,33,37,62,61,70,58,7.5936271,156,5,0.5643668
"EOG Resources, Inc.",2017,"Provisioning services (Raw Materials, Nutrients, Food, Energy)",100,131,100,100,100,105,7.5936271,336,6,1.2155592
"EOG Resources, Inc.",2017,Regulated Carbon Price,79,70,80,76,92,79,7.5936271,225,7,0.8139905
"EOG Resources, Inc.",2017,Wages and Benefits,42,41,85,111,87,116,7.5936271,268,8,0.9695532
"EOG Resources, Inc.",2017,Well-being and health,25,19,40,29,51,29,7.5936271,77,9,0.2785656
EQT Corp,2017,Associated Energy Costs,97,77,72,69,79,55,-22.2489477,201,0,-2.6136987
EQT Corp,2017,Dividend/reinvestment balance for long-term growth,31,21,58,58,74,0,-22.2489477,79,1,-1.0272746
EQT Corp,2017,GDP and Disposable Income,78,68,65,63,81,64,-22.2489477,195,2,-2.5356779
EQT Corp,2017,Innovation,87,69,66,69,76,55,-22.2489477,193,3,-2.5096709
EQT Corp,2017,Market Transition,74,59,58,54,74,53,-22.2489477,166,4,-2.158577
EQT Corp,2017,Professional Skills Development,33,16,62,33,70,36,-22.2489477,85,5,-1.1052955
EQT Corp,2017,"Provisioning services (Raw Materials, Nutrients, Food, Energy)",100,61,100,71,100,107,-22.2489477,239,6,-3.1078308
EQT Corp,2017,Regulated Carbon Price,79,96,80,81,92,75,-22.2489477,252,7,-3.276876
EQT Corp,2017,Wages and Benefits,42,36,85,79,87,53,-22.2489477,168,8,-2.184584
EQT Corp,2017,Well-being and health,25,49,40,42,51,42,-22.2489477,133,9,-1.7294623
Enerplus Resources (USA) Corporation,2017,Associated Energy Costs,97,172,72,106,79,95,39.8757764,373,0,5.6878258
Enerplus Resources (USA) Corporation,2017,Dividend/reinvestment balance for long-term growth,31,33,58,53,74,0,39.8757764,86,1,1.3114022
Enerplus Resources (USA) Corporation,2017,GDP and Disposable Income,78,112,65,90,81,97,39.8757764,299,2,4.55941
Enerplus Resources (USA) Corporation,2017,Innovation,87,136,66,93,76,100,39.8757764,329,3,5.0168759
Enerplus Resources (USA) Corporation,2017,Market Transition,74,145,58,98,74,98,39.8757764,341,4,5.1998622
Enerplus Resources (USA) Corporation,2017,Professional Skills Development,33,46,62,72,70,72,39.8757764,190,5,2.8972839
Enerplus Resources (USA) Corporation,2017,"Provisioning services (Raw Materials, Nutrients, Food, Energy)",100,166,100,142,100,118,39.8757764,426,6,6.4960156
Enerplus Resources (USA) Corporation,2017,Regulated Carbon Price,79,77,80,75,92,87,39.8757764,239,7,3.6444782
Enerplus Resources (USA) Corporation,2017,Wages and Benefits,42,44,85,62,87,93,39.8757764,199,8,3.0345237
Enerplus Resources (USA) Corporation,2017,Well-being and health,25,37,40,49,51,47,39.8757764,133,9,2.0280988
Hess,2017,Associated Energy Costs,97,80,72,58,79,60,4.9989629,198,0,0.5214935
Hess,2017,Dividend/reinvestment balance for long-term growth,31,29,58,56,74,68,4.9989629,153,1,0.4029722
Hess,2017,GDP and Disposable Income,78,74,65,52,81,61,4.9989629,187,2,0.4925216
Hess,2017,Innovation,87,61,66,47,76,48,4.9989629,156,3,0.4108737
Hess,2017,Market Transition,74,61,58,44,74,51,4.9989629,156,4,0.4108737
Hess,2017,Professional Skills Development,33,26,62,43,70,47,4.9989629,116,5,0.3055214
Hess,2017,"Provisioning services (Raw Materials, Nutrients, Food, Energy)",100,52,100,71,100,72,4.9989629,195,6,0.5135921
Hess,2017,Regulated Carbon Price,79,116,80,118,92,114,4.9989629,348,7,0.9165643
Hess,2017,Wages and Benefits,42,47,85,73,87,96,4.9989629,216,8,0.568902
Hess,2017,Well-being and health,25,33,40,69,51,71,4.9989629,173,9,0.4556484
MARATHON OIL,2017,Associated Energy Costs,97,133,72,112,79,109,2.0886076,354,0,0.2532947
MARATHON OIL,2017,Dividend/reinvestment balance for long-term growth,31,51,58,140,74,131,2.0886076,322,1,0.230398
MARATHON OIL,2017,GDP and Disposable Income,78,92,65,83,81,98,2.0886076,273,2,0.1953374
MARATHON OIL,2017,Innovation,87,105,66,98,76,92,2.0886076,295,3,0.2110789
MARATHON OIL,2017,Market Transition,74,110,58,73,74,81,2.0886076,264,4,0.1888977
MARATHON OIL,2017,Professional Skills Development,33,55,62,136,70,142,2.0886076,333,5,0.2382687
MARATHON OIL,2017,"Provisioning services (Raw Materials, Nutrients, Food, Energy)",100,111,100,150,100,145,2.0886076,406,6,0.2905018
MARATHON OIL,2017,Regulated Carbon Price,79,108,80,103,92,94,2.0886076,305,7,0.2182341
MARATHON OIL,2017,Wages and Benefits,42,53,85,138,87,118,2.0886076,309,8,0.2210962
MARATHON OIL,2017,Well-being and health,25,17,40,41,51,0,2.0886076,58,9,0.0415003
PIONEER NATURAL RESOURCES,2017,Associated Energy Costs,97,114,72,70,79,84,-7.7592225,268,0,-0.9954388
PIONEER NATURAL RESOURCES,2017,Dividend/reinvestment balance for long-term growth,31,46,58,68,74,78,-7.7592225,192,1,-0.7131502
PIONEER NATURAL RESOURCES,2017,GDP and Disposable Income,78,78,65,55,81,68,-7.7592225,201,2,-0.7465791
PIONEER NATURAL RESOURCES,2017,Innovation,87,107,66,70,76,76,-7.7592225,253,3,-0.9397239
PIONEER NATURAL RESOURCES,2017,Market Transition,74,66,58,46,74,66,-7.7592225,178,4,-0.6611496
PIONEER NATURAL RESOURCES,2017,Professional Skills Development,33,39,62,62,70,81,-7.7592225,182,5,-0.6760069
PIONEER NATURAL RESOURCES,2017,"Provisioning services (Raw Materials, Nutrients, Food, Energy)",100,83,100,82,100,106,-7.7592225,271,6,-1.0065818
PIONEER NATURAL RESOURCES,2017,Regulated Carbon Price,79,60,80,66,92,60,-7.7592225,186,7,-0.6908642
PIONEER NATURAL RESOURCES,2017,Wages and Benefits,42,32,85,87,87,105,-7.7592225,224,8,-0.8320085
PIONEER NATURAL RESOURCES,2017,Well-being and health,25,32,40,63,51,39,-7.7592225,134,9,-0.4977194
Range Resources,2017,Associated Energy Costs,97,130,72,88,79,89,-50.0343643,307,0,-6.3447129
Range Resources,2017,Dividend/reinvestment balance for long-term growth,31,30,58,51,74,0,-50.0343643,81,1,-1.6740122
Range Resources,2017,GDP and Disposable Income,78,97,65,71,81,86,-50.0343643,254,2,-5.2493716
Range Resources,2017,Innovation,87,130,66,86,76,88,-50.0343643,304,3,-6.2827124
Range Resources,2017,Market Transition,74,88,58,68,74,87,-50.0343643,243,4,-5.0220366
Range Resources,2017,Professional Skills Development,33,38,62,71,70,64,-50.0343643,173,5,-3.5753594
Range Resources,2017,"Provisioning services (Raw Materials, Nutrients, Food, Energy)",100,150,100,122,100,110,-50.0343643,382,6,-7.8947241
Range Resources,2017,Regulated Carbon Price,79,69,80,87,92,124,-50.0343643,280,7,-5.7867088
Range Resources,2017,Wages and Benefits,42,38,85,142,87,163,-50.0343643,343,8,-7.0887183
Range Resources,2017,Well-being and health,25,16,40,38,51,0,-50.0343643,54,9,-1.1160081
SM Energy Co,2017,Associated Energy Costs,97,151,72,68,79,0,-24.937552,219,0,-3.5394192
SM Energy Co,2017,Dividend/reinvestment balance for long-term growth,31,35,58,53,74,0,-24.937552,88,1,-1.4222324
SM Energy Co,2017,GDP and Disposable Income,78,105,65,60,81,0,-24.937552,165,2,-2.6666857
SM Energy Co,2017,Innovation,87,155,66,68,76,0,-24.937552,223,3,-3.6040662
SM Energy Co,2017,Market Transition,74,139,58,72,74,0,-24.937552,211,4,-3.4101254
SM Energy Co,2017,Professional Skills Development,33,49,62,94,70,0,-24.937552,143,5,-2.3111276
SM Energy Co,2017,"Provisioning services (Raw Materials, Nutrients, Food, Energy)",100,112,100,109,100,0,-24.937552,221,6,-3.5717427
SM Energy Co,2017,Regulated Carbon Price,79,70,80,72,92,0,-24.937552,142,7,-2.2949659
SM Energy Co,2017,Wages and Benefits,42,30,85,58,87,0,-24.937552,88,8,-1.4222324
SM Energy Co,2017,Well-being and health,25,13,40,30,51,0,-24.937552,43,9,-0.6949545
SOUTHWESTERN ENERGY CO,2017,Associated Energy Costs,97,121,72,77,79,77,-47.001224,275,0,-6.2562133
SOUTHWESTERN ENERGY CO,2017,Dividend/reinvestment balance for long-term growth,31,24,58,42,74,0,-47.001224,66,1,-1.5014912
SOUTHWESTERN ENERGY CO,2017,GDP and Disposable Income,78,102,65,69,81,77,-47.001224,248,2,-5.6419669
SOUTHWESTERN ENERGY CO,2017,Innovation,87,91,66,62,76,77,-47.001224,230,3,-5.2324693
SOUTHWESTERN ENERGY CO,2017,Market Transition,74,92,58,62,74,77,-47.001224,231,4,-5.2552191
SOUTHWESTERN ENERGY CO,2017,Professional Skills Development,33,41,62,106,70,76,-47.001224,223,5,-5.0732202
SOUTHWESTERN ENERGY CO,2017,"Provisioning services (Raw Materials, Nutrients, Food, Energy)",100,100,100,115,100,123,-47.001224,338,6,-7.6894548
SOUTHWESTERN ENERGY CO,2017,Regulated Carbon Price,79,67,80,75,92,75,-47.001224,217,7,-4.936721
SOUTHWESTERN ENERGY CO,2017,Wages and Benefits,42,37,85,60,87,96,-47.001224,193,8,-4.3907242
SOUTHWESTERN ENERGY CO,2017,Well-being and health,25,21,40,24,51,0,-47.001224,45,9,-1.023744
Seneca Resources/NATIONAL FUEL GAS CO,2017,Associated Energy Costs,97,72,72,78,79,94,-13.7034552,244,0,-1.5061455
Seneca Resources/NATIONAL FUEL GAS CO,2017,Dividend/reinvestment balance for long-term growth,31,38,58,61,74,64,-13.7034552,163,1,-1.0061546
Seneca Resources/NATIONAL FUEL GAS CO,2017,GDP and Disposable Income,78,79,65,77,81,92,-13.7034552,248,2,-1.5308364
Seneca Resources/NATIONAL FUEL GAS CO,2017,Innovation,87,90,66,79,76,90,-13.7034552,259,3,-1.5987364
Seneca Resources/NATIONAL FUEL GAS CO,2017,Market Transition,74,74,58,72,74,94,-13.7034552,240,4,-1.4814546
Seneca Resources/NATIONAL FUEL GAS CO,2017,Professional Skills Development,33,31,62,76,70,71,-13.7034552,178,5,-1.0987455
Seneca Resources/NATIONAL FUEL GAS CO,2017,"Provisioning services (Raw Materials, Nutrients, Food, Energy)",100,106,100,119,100,109,-13.7034552,334,6,-2.061691
Seneca Resources/NATIONAL FUEL GAS CO,2017,Regulated Carbon Price,79,66,80,82,92,108,-13.7034552,256,7,-1.5802183
Seneca Resources/NATIONAL FUEL GAS CO,2017,Wages and Benefits,42,40,85,117,87,105,-13.7034552,262,8,-1.6172546
Seneca Resources/NATIONAL FUEL GAS CO,2017,Well-being and health,25,12,40,24,51,0,-13.7034552,36,9,-0.2222182
"VITAL ENERGY, INC.",2017,Associated Energy Costs,97,129,72,77,79,0,-40.3424658,206,0,-5.1522306
"VITAL ENERGY, INC.",2017,Dividend/reinvestment balance for long-term growth,31,20,58,36,74,0,-40.3424658,56,1,-1.4006064
"VITAL ENERGY, INC.",2017,GDP and Disposable Income,78,104,65,68,81,0,-40.3424658,172,2,-4.3018624
"VITAL ENERGY, INC.",2017,Innovation,87,120,66,76,76,0,-40.3424658,196,3,-4.9021223
"VITAL ENERGY, INC.",2017,Market Transition,74,102,58,67,74,0,-40.3424658,169,4,-4.22683
"VITAL ENERGY, INC.",2017,Professional Skills Development,33,54,62,93,70,0,-40.3424658,147,5,-3.6765917
"VITAL ENERGY, INC.",2017,"Provisioning services (Raw Materials, Nutrients, Food, Energy)",100,163,100,155,100,0,-40.3424658,318,6,-7.9534434
"VITAL ENERGY, INC.",2017,Regulated Carbon Price,79,72,80,85,92,0,-40.3424658,157,7,-3.9267
"VITAL ENERGY, INC.",2017,Wages and Benefits,42,38,85,85,87,0,-40.3424658,123,8,-3.0763319
"VITAL ENERGY, INC.",2017,Well-being and health,25,26,40,43,51,0,-40.3424658,69,9,-1.7257471
ANTERO RESOURCES Corp,2019,Associated Energy Costs,93,112,66,74,44,48,93.4027778,234,0,10.3535055
ANTERO RESOURCES Corp,2019,Dividend/reinvestment balance for long-term growth,37,34,72,52,63,0,93.4027778,86,1,3.8051345
ANTERO RESOURCES Corp,2019,GDP and Disposable Income,78,111,62,94,47,56,93.4027778,261,2,11.5481407
ANTERO RESOURCES Corp,2019,Innovation,85,140,62,86,42,54,93.4027778,280,3,12.3888099
ANTERO RESOURCES Corp,2019,Market Transition,68,116,54,84,40,53,93.4027778,253,4,11.1941747
ANTERO RESOURCES Corp,2019,Professional Skills Development,35,36,59,61,44,44,93.4027778,141,5,6.2386507
ANTERO RESOURCES Corp,2019,"Provisioning services (Raw Materials, Nutrients, Food, Energy)",100,109,89,94,57,68,93.4027778,271,6,11.9905982
ANTERO RESOURCES Corp,2019,Regulated Carbon Price,78,106,73,90,49,52,93.4027778,248,7,10.9729459
ANTERO RESOURCES Corp,2019,Wages and Benefits,48,63,100,99,100,61,93.4027778,223,8,9.8668022
ANTERO RESOURCES Corp,2019,Well-being and health,40,40,50,50,32,24,93.4027778,114,9,5.0440155
Callon Petroleum Co,2019,Associated Energy Costs,93,150,66,58,44,21,-92.7417219,229,0,-13.6665729
Callon Petroleum Co,2019,Dividend/reinvestment balance for long-term growth,37,28,72,49,63,0,-92.7417219,77,1,-4.5953105
Callon Petroleum Co,2019,GDP and Disposable Income,78,115,62,53,47,0,-92.7417219,168,2,-10.0261321
Callon Petroleum Co,2019,Innovation,85,113,62,53,42,20,-92.7417219,186,3,-11.1003605
Callon Petroleum Co,2019,Market Transition,68,104,54,46,40,16,-92.7417219,166,4,-9.9067734
Callon Petroleum Co,2019,Professional Skills Development,35,43,59,45,44,18,-92.7417219,106,5,-6.3260119
Callon Petroleum Co,2019,"Provisioning services (Raw Materials, Nutrients, Food, Energy)",100,160,89,96,57,18,-92.7417219,274,6,-16.352144
Callon Petroleum Co,2019,Regulated Carbon Price,78,77,73,71,49,0,-92.7417219,148,7,-8.8325449
Callon Petroleum Co,2019,Wages and Benefits,48,38,100,58,100,20,-92.7417219,116,8,-6.9228055
Callon Petroleum Co,2019,Well-being and health,40,26,50,38,32,20,-92.7417219,84,9,-5.013066
ConocoPhillips,2019,Associated Energy Costs,93,89,66,72,44,41,-53.8507642,202,0,-5.2805118
ConocoPhillips,2019,Dividend/reinvestment balance for long-term growth,37,85,72,173,63,90,-53.8507642,348,1,-9.0971194
ConocoPhillips,2019,GDP and Disposable Income,78,72,62,63,47,44,-53.8507642,179,2,-4.6792654
ConocoPhillips,2019,Innovation,85,95,62,79,42,39,-53.8507642,213,3,-5.5680645
ConocoPhillips,2019,Market Transition,68,64,54,61,40,40,-53.8507642,165,4,-4.3132894
ConocoPhillips,2019,Professional Skills Development,35,58,59,88,44,29,-53.8507642,175,5,-4.5747008
ConocoPhillips,2019,"Provisioning services (Raw Materials, Nutrients, Food, Energy)",100,77,89,83,57,57,-53.8507642,217,6,-5.672629
ConocoPhillips,2019,Regulated Carbon Price,78,80,73,73,49,43,-53.8507642,196,7,-5.1236649
ConocoPhillips,2019,Wages and Benefits,48,61,100,161,100,56,-53.8507642,278,8,-7.2672391
ConocoPhillips,2019,Well-being and health,40,35,50,52,32,0,-53.8507642,87,9,-2.2742798
Crescent Energy Co,2019,Associated Energy Costs,93,87,66,42,44,42,-76.1609907,171,0,-8.9202256
Crescent Energy Co,2019,Dividend/reinvestment balance for long-term growth,37,25,72,44,63,27,-76.1609907,96,1,-5.007846
Crescent Energy Co,2019,GDP and Disposable Income,78,121,62,47,47,44,-76.1609907,212,2,-11.0589932
Crescent Energy Co,2019,Innovation,85,96,62,48,42,43,-76.1609907,187,3,-9.7548666
Crescent Energy Co,2019,Market Transition,68,69,54,46,40,38,-76.1609907,153,4,-7.9812545
Crescent Energy Co,2019,Professional Skills Development,35,23,59,48,44,36,-76.1609907,107,5,-5.5816616
Crescent Energy Co,2019,"Provisioning services (Raw Materials, Nutrients, Food, Energy)",100,97,89,71,57,46,-76.1609907,214,6,-11.1633233
Crescent Energy Co,2019,Regulated Carbon Price,78,26,73,47,49,40,-76.1609907,113,7,-5.894652
Crescent Energy Co,2019,Wages and Benefits,48,21,100,47,100,52,-76.1609907,120,8,-6.2598075
Crescent Energy Co,2019,Well-being and health,40,18,50,46,32,23,-76.1609907,87,9,-4.5383604
DEVON ENERGY CORP,2019,Associated Energy Costs,93,132,66,69,44,37,-78.1024211,238,0,-11.9232689
DEVON ENERGY CORP,2019,Dividend/reinvestment balance for long-term growth,37,29,72,39,63,0,-78.1024211,68,1,-3.4066483
DEVON ENERGY CORP,2019,GDP and Disposable Income,78,73,62,45,47,27,-78.1024211,145,2,-7.2641764
DEVON ENERGY CORP,2019,Innovation,85,110,62,51,42,28,-78.1024211,189,3,-9.4684782
DEVON ENERGY CORP,2019,Market Transition,68,72,54,47,40,29,-78.1024211,148,4,-7.4144697
DEVON ENERGY CORP,2019,Professional Skills Development,35,41,59,75,44,37,-78.1024211,153,5,-7.6649586
DEVON ENERGY CORP,2019,"Provisioning services (Raw Materials, Nutrients, Food, Energy)",100,86,89,81,57,49,-78.1024211,216,6,-10.821118
DEVON ENERGY CORP,2019,Regulated Carbon Price,78,97,73,80,49,42,-78.1024211,219,7,-10.9714113
DEVON ENERGY CORP,2019,Wages and Benefits,48,46,100,47,100,46,-78.1024211,139,8,-6.9635898
DEVON ENERGY CORP,2019,Well-being and health,40,15,50,29,32,0,-78.1024211,44,9,-2.2043018
Diversified Energy,2019,Associated Energy Costs,93,42,66,52,44,56,-40.6666667,150,0,-4.8335975
Diversified Energy,2019,Dividend/reinvestment balance for long-term growth,37,19,72,47,63,28,-40.6666667,94,1,-3.0290544
Diversified Energy,2019,GDP and Disposable Income,78,50,62,45,47,24,-40.6666667,119,2,-3.834654
Diversified Energy,2019,Innovation,85,48,62,47,42,25,-40.6666667,120,3,-3.866878
Diversified Energy,2019,Market Transition,68,37,54,37,40,24,-40.6666667,98,4,-3.1579503
Diversified Energy,2019,Professional Skills Development,35,15,59,38,44,90,-40.6666667,143,5,-4.6080296
Diversified Energy,2019,"Provisioning services (Raw Materials, Nutrients, Food, Energy)",100,44,89,63,57,49,-40.6666667,156,6,-5.0269414
Diversified Energy,2019,Regulated Carbon Price,78,43,73,46,49,0,-40.6666667,89,7,-2.8679345
Diversified Energy,2019,Wages and Benefits,48,21,100,42,100,60,-40.6666667,123,8,-3.9635499
Diversified Energy,2019,Well-being and health,40,53,50,64,32,53,-40.6666667,170,9,-5.4780771
"EOG Resources, Inc.",2019,Associated Energy Costs,93,108,66,63,44,41,-62.2907396,212,0,-7.2959319
"EOG Resources, Inc.",2019,Dividend/reinvestment balance for long-term growth,37,24,72,56,63,52,-62.2907396,132,1,-4.5427501
"EOG Resources, Inc.",2019,GDP and Disposable Income,78,114,62,74,47,44,-62.2907396,232,2,-7.9842274
"EOG Resources, Inc.",2019,Innovation,85,104,62,63,42,42,-62.2907396,209,3,-7.1926876
"EOG Resources, Inc.",2019,Market Transition,68,71,54,50,40,40,-62.2907396,161,4,-5.5407785
"EOG Resources, Inc.",2019,Professional Skills Development,35,33,59,52,44,40,-62.2907396,125,5,-4.3018467
"EOG Resources, Inc.",2019,"Provisioning services (Raw Materials, Nutrients, Food, Energy)",100,104,89,95,57,60,-62.2907396,259,6,-8.9134263
"EOG Resources, Inc.",2019,Regulated Carbon Price,78,57,73,65,49,51,-62.2907396,173,7,-5.9537558
"EOG Resources, Inc.",2019,Wages and Benefits,48,31,100,103,100,76,-62.2907396,210,8,-7.2271024
"EOG Resources, Inc.",2019,Well-being and health,40,26,50,45,32,26,-62.2907396,97,9,-3.338233
EQT Corp,2019,Associated Energy Costs,93,74,66,64,44,32,-66.2487946,170,0,-6.6759307
EQT Corp,2019,Dividend/reinvestment balance for long-term growth,37,39,72,90,63,54,-66.2487946,183,1,-7.186443
EQT Corp,2019,GDP and Disposable Income,78,53,62,49,47,29,-66.2487946,131,2,-5.1443937
EQT Corp,2019,Innovation,85,62,62,67,42,34,-66.2487946,163,3,-6.4010394
EQT Corp,2019,Market Transition,68,46,54,49,40,28,-66.2487946,123,4,-4.8302322
EQT Corp,2019,Professional Skills Development,35,23,59,47,44,31,-66.2487946,101,5,-3.9662882
EQT Corp,2019,"Provisioning services (Raw Materials, Nutrients, Food, Energy)",100,71,89,79,57,59,-66.2487946,209,6,-8.2074677
EQT Corp,2019,Regulated Carbon Price,78,94,73,92,49,41,-66.2487946,227,7,-8.914331
EQT Corp,2019,Wages and Benefits,48,46,100,111,100,57,-66.2487946,214,8,-8.4038186
EQT Corp,2019,Well-being and health,40,72,50,63,32,31,-66.2487946,166,9,-6.51885
Enerplus Resources (USA) Corporation,2019,Associated Energy Costs,93,184,66,96,44,49,-82.4019025,329,0,-12.5336227
Enerplus Resources (USA) Corporation,2019,Dividend/reinvestment balance for long-term growth,37,26,72,39,63,0,-82.4019025,65,1,-2.4762476
Enerplus Resources (USA) Corporation,2019,GDP and Disposable Income,78,112,62,80,47,52,-82.4019025,244,2,-9.2954527
Enerplus Resources (USA) Corporation,2019,Innovation,85,141,62,80,42,53,-82.4019025,274,3,-10.4383362
Enerplus Resources (USA) Corporation,2019,Market Transition,68,151,54,86,40,52,-82.4019025,289,4,-11.009778
Enerplus Resources (USA) Corporation,2019,Professional Skills Development,35,47,59,70,44,43,-82.4019025,160,5,-6.0953788
Enerplus Resources (USA) Corporation,2019,"Provisioning services (Raw Materials, Nutrients, Food, Energy)",100,175,89,121,57,58,-82.4019025,354,6,-13.4860257
Enerplus Resources (USA) Corporation,2019,Regulated Carbon Price,78,77,73,66,49,50,-82.4019025,193,7,-7.3525507
Enerplus Resources (USA) Corporation,2019,Wages and Benefits,48,48,100,60,100,52,-82.4019025,160,8,-6.0953788
Enerplus Resources (USA) Corporation,2019,Well-being and health,40,33,50,42,32,20,-82.4019025,95,9,-3.6191312
Hess,2019,Associated Energy Costs,93,74,66,53,44,37,-44.7119376,164,0,-4.580111
Hess,2019,Dividend/reinvestment balance for long-term growth,37,37,72,62,63,49,-44.7119376,148,1,-4.1332709
Hess,2019,GDP and Disposable Income,78,72,62,56,47,39,-44.7119376,167,2,-4.6638936
Hess,2019,Innovation,85,63,62,46,42,30,-44.7119376,139,3,-3.8819234
Hess,2019,Market Transition,68,57,54,45,40,34,-44.7119376,136,4,-3.7981409
Hess,2019,Professional Skills Development,35,26,59,49,44,32,-44.7119376,107,5,-2.9882432
Hess,2019,"Provisioning services (Raw Materials, Nutrients, Food, Energy)",100,55,89,71,57,39,-44.7119376,165,6,-4.6080385
Hess,2019,Regulated Carbon Price,78,100,73,111,49,69,-44.7119376,280,7,-7.8197018
Hess,2019,Wages and Benefits,48,35,100,65,100,60,-44.7119376,160,8,-4.468401
Hess,2019,Well-being and health,40,37,50,59,32,39,-44.7119376,135,9,-3.7702134
MARATHON OIL,2019,Associated Energy Costs,93,84,66,63,44,30,-80.3111909,177,0,-8.9968866
MARATHON OIL,2019,Dividend/reinvestment balance for long-term growth,37,31,72,78,63,62,-80.3111909,171,1,-8.6919074
MARATHON OIL,2019,GDP and Disposable Income,78,63,62,53,47,21,-80.3111909,137,2,-6.9636919
MARATHON OIL,2019,Innovation,85,62,62,55,42,23,-80.3111909,140,3,-7.1161815
MARATHON OIL,2019,Market Transition,68,53,54,43,40,21,-80.3111909,117,4,-5.9470945
MARATHON OIL,2019,Professional Skills Development,35,35,59,63,44,22,-80.3111909,120,5,-6.0995841
MARATHON OIL,2019,"Provisioning services (Raw Materials, Nutrients, Food, Energy)",100,76,89,90,57,43,-80.3111909,209,6,-10.6234423
MARATHON OIL,2019,Regulated Carbon Price,78,96,73,87,49,0,-80.3111909,183,7,-9.3018658
MARATHON OIL,2019,Wages and Benefits,48,41,100,104,100,38,-80.3111909,183,8,-9.3018658
MARATHON OIL,2019,Well-being and health,40,61,50,54,32,28,-80.3111909,143,9,-7.2686711
Ovintiv Inc.,2019,Associated Energy Costs,93,99,66,61,44,40,-92.5414365,200,0,-8.2478999
Ovintiv Inc.,2019,Dividend/reinvestment balance for long-term growth,37,28,72,86,63,49,-92.5414365,163,1,-6.7220384
Ovintiv Inc.,2019,GDP and Disposable Income,78,81,62,84,47,55,-92.5414365,220,2,-9.0726899
Ovintiv Inc.,2019,Innovation,85,80,62,76,42,44,-92.5414365,200,3,-8.2478999
Ovintiv Inc.,2019,Market Transition,68,70,54,63,40,47,-92.5414365,180,4,-7.4231099
Ovintiv Inc.,2019,Professional Skills Development,35,29,59,60,44,27,-92.5414365,116,5,-4.7837819
Ovintiv Inc.,2019,"Provisioning services (Raw Materials, Nutrients, Food, Energy)",100,71,89,66,57,57,-92.5414365,194,6,-8.0004629
Ovintiv Inc.,2019,Regulated Carbon Price,78,75,73,94,49,82,-92.5414365,251,7,-10.3511143
Ovintiv Inc.,2019,Wages and Benefits,48,90,100,336,100,198,-92.5414365,624,8,-25.7334476
Ovintiv Inc.,2019,Well-being and health,40,26,50,44,32,26,-92.5414365,96,9,-3.9589919
PIONEER NATURAL RESOURCES,2019,Associated Energy Costs,93,111,66,65,44,36,-53.9335435,212,0,-7.2183783
PIONEER NATURAL RESOURCES,2019,Dividend/reinvestment balance for long-term growth,37,28,72,38,63,0,-53.9335435,66,1,-2.247231
PIONEER NATURAL RESOURCES,2019,GDP and Disposable Income,78,89,62,64,47,36,-53.9335435,189,2,-6.4352523
PIONEER NATURAL RESOURCES,2019,Innovation,85,115,62,68,42,35,-53.9335435,218,3,-7.422672
PIONEER NATURAL RESOURCES,2019,Market Transition,68,76,54,51,40,35,-53.9335435,162,4,-5.5159306
PIONEER NATURAL RESOURCES,2019,Professional Skills Development,35,41,59,65,44,40,-53.9335435,146,5,-4.9711473
PIONEER NATURAL RESOURCES,2019,"Provisioning services (Raw Materials, Nutrients, Food, Energy)",100,94,89,86,57,58,-53.9335435,238,6,-8.1036511
PIONEER NATURAL RESOURCES,2019,Regulated Carbon Price,78,48,73,63,49,34,-53.9335435,145,7,-4.9370984
PIONEER NATURAL RESOURCES,2019,Wages and Benefits,48,24,100,61,100,14,-53.9335435,99,8,-3.3708465
PIONEER NATURAL RESOURCES,2019,Well-being and health,40,34,50,49,32,26,-53.9335435,109,9,-3.711336
Range Resources,2019,Associated Energy Costs,93,137,66,77,44,46,-79.7153025,260,0,-10.1053041
Range Resources,2019,Dividend/reinvestment balance for long-term growth,37,37,72,48,63,56,-79.7153025,141,1,-5.4801841
Range Resources,2019,GDP and Disposable Income,78,103,62,67,47,46,-79.7153025,216,2,-8.3951757
Range Resources,2019,Innovation,85,145,62,78,42,46,-79.7153025,269,3,-10.4551031
Range Resources,2019,Market Transition,68,88,54,62,40,46,-79.7153025,196,4,-7.6178446
Range Resources,2019,Professional Skills Development,35,39,59,64,44,33,-79.7153025,136,5,-5.2858514
Range Resources,2019,"Provisioning services (Raw Materials, Nutrients, Food, Energy)",100,165,89,118,57,56,-79.7153025,339,6,-13.1757618
Range Resources,2019,Regulated Carbon Price,78,78,73,71,49,58,-79.7153025,207,7,-8.0453767
Range Resources,2019,Wages and Benefits,48,42,100,117,100,73,-79.7153025,232,8,-9.0170406
Range Resources,2019,Well-being and health,40,19,50,36,32,0,-79.7153025,55,9,-2.1376605
SM Energy Co,2019,Associated Energy Costs,93,173,66,68,44,42,-93.0245855,283,0,-13.149829
SM Energy Co,2019,Dividend/reinvestment balance for long-term growth,37,35,72,48,63,0,-93.0245855,83,1,-3.8566636
SM Energy Co,2019,GDP and Disposable Income,78,137,62,59,47,41,-93.0245855,237,2,-11.012401
SM Energy Co,2019,Innovation,85,196,62,68,42,43,-93.0245855,307,3,-14.2650089
SM Energy Co,2019,Market Transition,68,149,54,67,40,44,-93.0245855,260,4,-12.081115
SM Energy Co,2019,Professional Skills Development,35,49,59,95,44,48,-93.0245855,192,5,-8.9214388
SM Energy Co,2019,"Provisioning services (Raw Materials, Nutrients, Food, Energy)",100,116,89,105,57,59,-93.0245855,280,6,-13.0104315
SM Energy Co,2019,Regulated Carbon Price,78,61,73,64,49,41,-93.0245855,166,7,-7.7133273
SM Energy Co,2019,Wages and Benefits,48,32,100,67,100,47,-93.0245855,146,8,-6.7840107
SM Energy Co,2019,Well-being and health,40,15,50,33,32,0,-93.0245855,48,9,-2.2303597
SOUTHWESTERN ENERGY CO,2019,Associated Energy Costs,93,138,66,84,44,47,-63.9658849,269,0,-8.8421496
SOUTHWESTERN ENERGY CO,2019,Dividend/reinvestment balance for long-term growth,37,30,72,53,63,0,-63.9658849,83,1,-2.7282469
SOUTHWESTERN ENERGY CO,2019,GDP and Disposable Income,78,109,62,71,47,44,-63.9658849,224,2,-7.3629796
SOUTHWESTERN ENERGY CO,2019,Innovation,85,110,62,74,42,44,-63.9658849,228,3,-7.4944613
SOUTHWESTERN ENERGY CO,2019,Market Transition,68,101,54,66,40,43,-63.9658849,210,4,-6.9027933
SOUTHWESTERN ENERGY CO,2019,Professional Skills Development,35,43,59,88,44,39,-63.9658849,170,5,-5.5879756
SOUTHWESTERN ENERGY CO,2019,"Provisioning services (Raw Materials, Nutrients, Food, Energy)",100,144,89,124,57,64,-63.9658849,332,6,-10.9129876
SOUTHWESTERN ENERGY CO,2019,Regulated Carbon Price,78,83,73,76,49,54,-63.9658849,213,7,-7.0014047
SOUTHWESTERN ENERGY CO,2019,Wages and Benefits,48,46,100,73,100,54,-63.9658849,173,8,-5.6865869
SOUTHWESTERN ENERGY CO,2019,Well-being and health,40,20,50,24,32,0,-63.9658849,44,9,-1.4462996
Seneca Resources/NATIONAL FUEL GAS CO,2019,Associated Energy Costs,93,97,66,81,44,45,-38.8287402,223,0,-4.8346226
Seneca Resources/NATIONAL FUEL GAS CO,2019,Dividend/reinvestment balance for long-term growth,37,39,72,50,63,28,-38.8287402,117,1,-2.5365509
Seneca Resources/NATIONAL FUEL GAS CO,2019,GDP and Disposable Income,78,91,62,79,47,47,-38.8287402,217,2,-4.7045431
Seneca Resources/NATIONAL FUEL GAS CO,2019,Innovation,85,96,62,80,42,42,-38.8287402,218,3,-4.726223
Seneca Resources/NATIONAL FUEL GAS CO,2019,Market Transition,68,81,54,73,40,42,-38.8287402,196,4,-4.2492647
Seneca Resources/NATIONAL FUEL GAS CO,2019,Professional Skills Development,35,29,59,70,44,36,-38.8287402,135,5,-2.9267895
Seneca Resources/NATIONAL FUEL GAS CO,2019,"Provisioning services (Raw Materials, Nutrients, Food, Energy)",100,102,89,111,57,62,-38.8287402,275,6,-5.9619785
Seneca Resources/NATIONAL FUEL GAS CO,2019,Regulated Carbon Price,78,77,73,72,49,51,-38.8287402,200,7,-4.3359844
Seneca Resources/NATIONAL FUEL GAS CO,2019,Wages and Benefits,48,44,100,87,100,50,-38.8287402,181,8,-3.9240659
Seneca Resources/NATIONAL FUEL GAS CO,2019,Well-being and health,40,13,50,16,32,0,-38.8287402,29,9,-0.6287177
"VITAL ENERGY, INC.",2019,Associated Energy Costs,93,112,66,71,44,41,-87.7022654,224,0,-10.7468859
"VITAL ENERGY, INC.",2019,Dividend/reinvestment balance for long-term growth,37,25,72,48,63,0,-87.7022654,73,1,-3.5023334
"VITAL ENERGY, INC.",2019,GDP and Disposable Income,78,74,62,56,47,40,-87.7022654,170,2,-8.1561188
"VITAL ENERGY, INC.",2019,Innovation,85,97,62,69,42,38,-87.7022654,204,3,-9.7873425
"VITAL ENERGY, INC.",2019,Market Transition,68,78,54,55,40,34,-87.7022654,167,4,-8.0121873
"VITAL ENERGY, INC.",2019,Professional Skills Development,35,45,59,63,44,36,-87.7022654,144,5,-6.9087124
"VITAL ENERGY, INC.",2019,"Provisioning services (Raw Materials, Nutrients, Food, Energy)",100,189,89,154,57,63,-87.7022654,406,6,-19.4787307
"VITAL ENERGY, INC.",2019,Regulated Carbon Price,78,64,73,67,49,62,-87.7022654,193,7,-9.2595937
"VITAL ENERGY, INC.",2019,Wages and Benefits,48,45,100,75,100,58,-87.7022654,178,8,-8.5399361
"VITAL ENERGY, INC.",2019,Well-being and health,40,30,50,39,32,0,-87.7022654,69,9,-3.3104247
ANTERO RESOURCES Corp,2020,Associated Energy Costs,94,114,75,83,70,75,211.1310592,272,0,25.5802441
ANTERO RESOURCES Corp,2020,Dividend/reinvestment balance for long-term growth,37,30,70,61,100,0,211.1310592,91,1,8.5580964
ANTERO RESOURCES Corp,2020,GDP and Disposable Income,79,98,67,82,73,77,211.1310592,257,2,24.1695689
ANTERO RESOURCES Corp,2020,Innovation,88,135,72,76,76,71,211.1310592,282,3,26.5206943
ANTERO RESOURCES Corp,2020,Market Transition,70,104,60,70,68,71,211.1310592,245,4,23.0410287
ANTERO RESOURCES Corp,2020,Professional Skills Development,34,29,68,55,73,62,211.1310592,146,5,13.7305722
ANTERO RESOURCES Corp,2020,"Provisioning services (Raw Materials, Nutrients, Food, Energy)",100,106,100,102,94,105,211.1310592,313,6,29.4360898
ANTERO RESOURCES Corp,2020,Regulated Carbon Price,81,86,80,109,78,92,211.1310592,287,7,26.9909194
ANTERO RESOURCES Corp,2020,Wages and Benefits,43,38,76,67,83,99,211.1310592,204,8,19.1851831
ANTERO RESOURCES Corp,2020,Well-being and health,37,41,55,58,55,49,211.1310592,148,9,13.9186623
Callon Petroleum Co,2020,Associated Energy Costs,94,143,75,73,70,65,604.379562,281,0,82.282295
Callon Petroleum Co,2020,Dividend/reinvestment balance for long-term growth,37,32,70,61,100,0,604.379562,93,1,27.2322186
Callon Petroleum Co,2020,GDP and Disposable Income,79,115,67,67,73,67,604.379562,249,2,72.9120693
Callon Petroleum Co,2020,Innovation,88,115,72,68,76,63,604.379562,246,3,72.0336106
Callon Petroleum Co,2020,Market Transition,70,91,60,54,68,64,604.379562,209,4,61.199287
Callon Petroleum Co,2020,Professional Skills Development,34,46,68,57,73,52,604.379562,155,5,45.3870311
Callon Petroleum Co,2020,"Provisioning services (Raw Materials, Nutrients, Food, Energy)",100,150,100,109,94,93,604.379562,352,6,103.0724834
Callon Petroleum Co,2020,Regulated Carbon Price,81,67,80,67,78,76,604.379562,210,7,61.4921066
Callon Petroleum Co,2020,Wages and Benefits,43,32,76,63,83,87,604.379562,182,8,53.2931591
Callon Petroleum Co,2020,Well-being and health,37,19,55,39,55,29,604.379562,87,9,25.4753013
ConocoPhillips,2020,Associated Energy Costs,94,108,75,84,70,48,71.9805195,240,0,8.9416794
ConocoPhillips,2020,Dividend/reinvestment balance for long-term growth,37,50,70,108,100,221,71.9805195,379,1,14.1204021
ConocoPhillips,2020,GDP and Disposable Income,79,96,67,68,73,41,71.9805195,205,2,7.6376845
ConocoPhillips,2020,Innovation,88,109,72,85,76,48,71.9805195,242,3,9.0161934
ConocoPhillips,2020,Market Transition,70,79,60,64,68,43,71.9805195,186,4,6.9298016
ConocoPhillips,2020,Professional Skills Development,34,46,68,80,73,59,71.9805195,185,5,6.8925446
ConocoPhillips,2020,"Provisioning services (Raw Materials, Nutrients, Food, Energy)",100,65,100,74,94,79,71.9805195,218,6,8.1220255
ConocoPhillips,2020,Regulated Carbon Price,81,60,80,55,78,0,71.9805195,115,7,4.2845547
ConocoPhillips,2020,Wages and Benefits,43,36,76,71,83,0,71.9805195,107,8,3.9864988
ConocoPhillips,2020,Well-being and health,37,15,55,40,55,0,71.9805195,55,9,2.0491349
Crescent Energy Co,2020,Associated Energy Costs,94,86,75,58,70,65,440.2597403,209,0,49.8992873
Crescent Energy Co,2020,Dividend/reinvestment balance for long-term growth,37,26,70,53,100,55,440.2597403,134,1,31.9928445
Crescent Energy Co,2020,GDP and Disposable Income,79,111,67,52,73,71,440.2597403,234,2,55.8681015
Crescent Energy Co,2020,Innovation,88,97,72,53,76,69,440.2597403,219,3,52.286813
Crescent Energy Co,2020,Market Transition,70,73,60,55,68,68,440.2597403,196,4,46.7955038
Crescent Energy Co,2020,Professional Skills Development,34,28,68,66,73,63,440.2597403,157,5,37.4841536
Crescent Energy Co,2020,"Provisioning services (Raw Materials, Nutrients, Food, Energy)",100,90,100,78,94,80,440.2597403,248,6,59.2106375
Crescent Energy Co,2020,Regulated Carbon Price,81,27,80,55,78,75,440.2597403,157,7,37.4841536
Crescent Energy Co,2020,Wages and Benefits,43,23,76,51,83,95,440.2597403,169,8,40.3491844
Crescent Energy Co,2020,Well-being and health,37,22,55,49,55,50,440.2597403,121,9,28.8890611
DEVON ENERGY CORP,2020,Associated Energy Costs,94,109,75,82,70,71,216.2083936,262,0,32.3509989
DEVON ENERGY CORP,2020,Dividend/reinvestment balance for long-term growth,37,28,70,44,100,0,216.2083936,72,1,8.8903509
DEVON ENERGY CORP,2020,GDP and Disposable Income,79,59,67,51,73,54,216.2083936,164,2,20.2502436
DEVON ENERGY CORP,2020,Innovation,88,81,72,58,76,53,216.2083936,192,3,23.7076023
DEVON ENERGY CORP,2020,Market Transition,70,71,60,64,68,57,216.2083936,192,4,23.7076023
DEVON ENERGY CORP,2020,Professional Skills Development,34,32,68,71,73,53,216.2083936,156,5,19.2624268
DEVON ENERGY CORP,2020,"Provisioning services (Raw Materials, Nutrients, Food, Energy)",100,90,100,94,94,86,216.2083936,270,6,33.3388157
DEVON ENERGY CORP,2020,Regulated Carbon Price,81,82,80,84,78,65,216.2083936,231,7,28.523209
DEVON ENERGY CORP,2020,Wages and Benefits,43,34,76,56,83,83,216.2083936,173,8,21.3615375
DEVON ENERGY CORP,2020,Well-being and health,37,14,55,25,55,0,216.2083936,39,9,4.8156067
"Diamondback Energy, Inc.",2020,Associated Energy Costs,94,125,75,80,70,81,180.4961832,286,0,21.6625717
"Diamondback Energy, Inc.",2020,Dividend/reinvestment balance for long-term growth,37,27,70,52,100,0,180.4961832,79,1,5.9837174
"Diamondback Energy, Inc.",2020,GDP and Disposable Income,79,126,67,82,73,82,180.4961832,290,2,21.9655447
"Diamondback Energy, Inc.",2020,Innovation,88,143,72,83,76,81,180.4961832,307,3,23.2531801
"Diamondback Energy, Inc.",2020,Market Transition,70,127,60,77,68,86,180.4961832,290,4,21.9655447
"Diamondback Energy, Inc.",2020,Professional Skills Development,34,59,68,106,73,97,180.4961832,262,5,19.8447335
"Diamondback Energy, Inc.",2020,"Provisioning services (Raw Materials, Nutrients, Food, Energy)",100,154,100,122,94,103,180.4961832,379,6,28.7066947
"Diamondback Energy, Inc.",2020,Regulated Carbon Price,81,76,80,75,78,65,180.4961832,216,7,16.3605437
"Diamondback Energy, Inc.",2020,Wages and Benefits,43,40,76,68,83,77,180.4961832,185,8,14.0125027
"Diamondback Energy, Inc.",2020,Well-being and health,37,26,55,34,55,29,180.4961832,89,9,6.7411499
Diversified Energy,2020,Associated Energy Costs,94,59,75,64,70,56,84.2696629,179,0,8.0065126
Diversified Energy,2020,Dividend/reinvestment balance for long-term growth,37,41,70,89,100,126,84.2696629,256,1,11.4506548
Diversified Energy,2020,GDP and Disposable Income,79,51,67,55,73,56,84.2696629,162,2,7.2461175
Diversified Energy,2020,Innovation,88,62,72,68,76,53,84.2696629,183,3,8.185429
Diversified Energy,2020,Market Transition,70,48,60,49,68,48,84.2696629,145,4,6.4857225
Diversified Energy,2020,Professional Skills Development,34,22,68,60,73,47,84.2696629,129,5,5.7700565
Diversified Energy,2020,"Provisioning services (Raw Materials, Nutrients, Food, Energy)",100,65,100,87,94,70,84.2696629,222,6,9.9298647
Diversified Energy,2020,Regulated Carbon Price,81,75,80,83,78,71,84.2696629,229,7,10.2429686
Diversified Energy,2020,Wages and Benefits,43,36,76,64,83,85,84.2696629,185,8,8.2748873
Diversified Energy,2020,Well-being and health,37,54,55,71,55,69,84.2696629,194,9,8.6774494
"EOG Resources, Inc.",2020,Associated Energy Costs,94,127,75,86,70,77,101.9387468,290,0,12.7204116
"EOG Resources, Inc.",2020,Dividend/reinvestment balance for long-term growth,37,25,70,69,100,79,101.9387468,173,1,7.5883835
"EOG Resources, Inc.",2020,GDP and Disposable Income,79,118,67,78,73,79,101.9387468,275,2,12.0624593
"EOG Resources, Inc.",2020,Innovation,88,100,72,76,76,68,101.9387468,244,3,10.7026911
"EOG Resources, Inc.",2020,Market Transition,70,81,60,62,68,62,101.9387468,205,4,8.9920151
"EOG Resources, Inc.",2020,Professional Skills Development,34,37,68,87,73,70,101.9387468,194,5,8.5095167
"EOG Resources, Inc.",2020,"Provisioning services (Raw Materials, Nutrients, Food, Energy)",100,125,100,127,94,111,101.9387468,363,6,15.9224463
"EOG Resources, Inc.",2020,Regulated Carbon Price,81,70,80,74,78,74,101.9387468,218,7,9.5622404
"EOG Resources, Inc.",2020,Wages and Benefits,43,28,76,99,83,129,101.9387468,256,8,11.229053
"EOG Resources, Inc.",2020,Well-being and health,37,21,55,41,55,44,101.9387468,106,9,4.6495298
EQT Corp,2020,Associated Energy Costs,94,97,75,75,70,55,165.4285714,227,0,19.7643609
EQT Corp,2020,Dividend/reinvestment balance for long-term growth,37,35,70,78,100,0,165.4285714,113,1,9.8386466
EQT Corp,2020,GDP and Disposable Income,79,63,67,57,73,49,165.4285714,169,2,14.7144361
EQT Corp,2020,Innovation,88,79,72,71,76,50,165.4285714,200,3,17.4135338
EQT Corp,2020,Market Transition,70,53,60,54,68,49,165.4285714,156,4,13.5825564
EQT Corp,2020,Professional Skills Development,34,30,68,60,73,54,165.4285714,144,5,12.5377444
EQT Corp,2020,"Provisioning services (Raw Materials, Nutrients, Food, Energy)",100,79,100,98,94,108,165.4285714,285,6,24.8142857
EQT Corp,2020,Regulated Carbon Price,81,97,80,93,78,60,165.4285714,250,7,21.7669173
EQT Corp,2020,Wages and Benefits,43,34,76,72,83,60,165.4285714,166,8,14.4532331
EQT Corp,2020,Well-being and health,37,64,55,72,55,54,165.4285714,190,9,16.5428571
Enerplus Resources (USA) Corporation,2020,Associated Energy Costs,94,162,75,92,70,84,238.5135135,338,0,32.5990973
Enerplus Resources (USA) Corporation,2020,Dividend/reinvestment balance for long-term growth,37,26,70,46,100,0,238.5135135,72,1,6.9441864
Enerplus Resources (USA) Corporation,2020,GDP and Disposable Income,79,116,67,88,73,89,238.5135135,293,2,28.2589808
Enerplus Resources (USA) Corporation,2020,Innovation,88,122,72,74,76,90,238.5135135,286,3,27.5838515
Enerplus Resources (USA) Corporation,2020,Market Transition,70,139,60,85,68,88,238.5135135,312,4,30.0914744
Enerplus Resources (USA) Corporation,2020,Professional Skills Development,34,48,68,85,73,67,238.5135135,200,5,19.2894067
Enerplus Resources (USA) Corporation,2020,"Provisioning services (Raw Materials, Nutrients, Food, Energy)",100,177,100,121,94,107,238.5135135,405,6,39.0610485
Enerplus Resources (USA) Corporation,2020,Regulated Carbon Price,81,75,80,78,78,87,238.5135135,240,7,23.147288
Enerplus Resources (USA) Corporation,2020,Wages and Benefits,43,53,76,77,83,89,238.5135135,219,8,21.1219003
Enerplus Resources (USA) Corporation,2020,Well-being and health,37,28,55,48,55,32,238.5135135,108,9,10.4162796
Hess,2020,Associated Energy Costs,94,80,75,69,70,70,112.4924925,219,0,11.4054888
Hess,2020,Dividend/reinvestment balance for long-term growth,37,42,70,82,100,90,112.4924925,214,1,11.1450895
Hess,2020,GDP and Disposable Income,79,88,67,72,73,82,112.4924925,242,2,12.6033255
Hess,2020,Innovation,88,71,72,54,76,69,112.4924925,194,3,10.1034924
Hess,2020,Market Transition,70,60,60,56,68,67,112.4924925,183,4,9.5306139
Hess,2020,Professional Skills Development,34,32,68,58,73,60,112.4924925,150,5,7.8119786
Hess,2020,"Provisioning services (Raw Materials, Nutrients, Food, Energy)",100,65,100,90,94,104,112.4924925,259,6,13.4886831
Hess,2020,Regulated Carbon Price,81,85,80,116,78,116,112.4924925,317,7,16.5093149
Hess,2020,Wages and Benefits,43,40,76,83,83,112,112.4924925,235,8,12.2387665
Hess,2020,Well-being and health,37,61,55,86,55,0,112.4924925,147,9,7.6557391
MARATHON OIL,2020,Associated Energy Costs,94,79,75,69,70,67,224.6200608,215,0,23.0407028
MARATHON OIL,2020,Dividend/reinvestment balance for long-term growth,37,31,70,95,100,109,224.6200608,235,1,25.184024
MARATHON OIL,2020,GDP and Disposable Income,79,61,67,63,73,77,224.6200608,201,2,21.540378
MARATHON OIL,2020,Innovation,88,55,72,63,76,64,224.6200608,182,3,19.5042228
MARATHON OIL,2020,Market Transition,70,53,60,55,68,62,224.6200608,170,4,18.2182301
MARATHON OIL,2020,Professional Skills Development,34,29,68,51,73,63,224.6200608,143,5,15.3247465
MARATHON OIL,2020,"Provisioning services (Raw Materials, Nutrients, Food, Energy)",100,76,100,104,94,115,224.6200608,295,6,31.6139876
MARATHON OIL,2020,Regulated Carbon Price,81,82,80,92,78,75,224.6200608,249,7,26.6843488
MARATHON OIL,2020,Wages and Benefits,43,42,76,117,83,96,224.6200608,255,8,27.3273452
MARATHON OIL,2020,Well-being and health,37,75,55,76,55,0,224.6200608,151,9,16.182075
Ovintiv Inc.,2020,Associated Energy Costs,94,110,75,80,70,83,782.2222222,273,0,97.376501
Ovintiv Inc.,2020,Dividend/reinvestment balance for long-term growth,37,51,70,81,100,77,782.2222222,209,1,74.5483103
Ovintiv Inc.,2020,GDP and Disposable Income,79,98,67,75,73,88,782.2222222,261,2,93.0962152
Ovintiv Inc.,2020,Innovation,88,97,72,68,76,77,782.2222222,242,3,86.3190961
Ovintiv Inc.,2020,Market Transition,70,91,60,64,68,79,782.2222222,234,4,83.4655723
Ovintiv Inc.,2020,Professional Skills Development,34,32,68,62,73,60,782.2222222,154,5,54.9303339
Ovintiv Inc.,2020,"Provisioning services (Raw Materials, Nutrients, Food, Energy)",100,78,100,79,94,120,782.2222222,277,6,98.8032629
Ovintiv Inc.,2020,Regulated Carbon Price,81,77,80,77,78,81,782.2222222,235,7,83.8222628
Ovintiv Inc.,2020,Wages and Benefits,43,51,76,79,83,73,782.2222222,203,8,72.4081674
Ovintiv Inc.,2020,Well-being and health,37,24,55,44,55,37,782.2222222,105,9,37.4525004
PIONEER NATURAL RESOURCES,2020,Associated Energy Costs,94,79,75,71,70,66,126.4005702,216,0,15.2187977
PIONEER NATURAL RESOURCES,2020,Dividend/reinvestment balance for long-term growth,37,29,70,52,100,0,126.4005702,81,1,5.7070492
PIONEER NATURAL RESOURCES,2020,GDP and Disposable Income,79,73,67,62,73,67,126.4005702,202,2,14.2323942
PIONEER NATURAL RESOURCES,2020,Innovation,88,95,72,93,76,66,126.4005702,254,3,17.8961788
PIONEER NATURAL RESOURCES,2020,Market Transition,70,56,60,52,68,64,126.4005702,172,4,12.1186723
PIONEER NATURAL RESOURCES,2020,Professional Skills Development,34,35,68,72,73,50,126.4005702,157,5,11.0618113
PIONEER NATURAL RESOURCES,2020,"Provisioning services (Raw Materials, Nutrients, Food, Energy)",100,77,100,96,94,104,126.4005702,277,6,19.516699
PIONEER NATURAL RESOURCES,2020,Regulated Carbon Price,81,48,80,68,78,62,126.4005702,178,7,12.5414167
PIONEER NATURAL RESOURCES,2020,Wages and Benefits,43,27,76,64,83,36,126.4005702,127,8,8.9480894
PIONEER NATURAL RESOURCES,2020,Well-being and health,37,32,55,60,55,38,126.4005702,130,9,9.1594616
Range Resources,2020,Associated Energy Costs,94,110,75,75,70,33,353.0701754,218,0,45.169776
Range Resources,2020,Dividend/reinvestment balance for long-term growth,37,26,70,50,100,0,353.0701754,76,1,15.7472613
Range Resources,2020,GDP and Disposable Income,79,78,67,64,73,34,353.0701754,176,2,36.4673421
Range Resources,2020,Innovation,88,105,72,71,76,35,353.0701754,211,3,43.7193703
Range Resources,2020,Market Transition,70,54,60,55,68,36,353.0701754,145,4,30.044117
Range Resources,2020,Professional Skills Development,34,32,68,55,73,36,353.0701754,123,5,25.4856993
Range Resources,2020,"Provisioning services (Raw Materials, Nutrients, Food, Energy)",100,103,100,97,94,47,353.0701754,247,6,51.1785994
Range Resources,2020,Regulated Carbon Price,81,72,80,85,78,0,353.0701754,157,7,32.5305267
Range Resources,2020,Wages and Benefits,43,35,76,90,83,54,353.0701754,179,8,37.0889445
Range Resources,2020,Well-being and health,37,44,55,70,55,58,353.0701754,172,9,35.6385388
SM Energy Co,2020,Associated Energy Costs,94,198,75,79,70,71,1241.803279,348,0,188.2175702
SM Energy Co,2020,Dividend/reinvestment balance for long-term growth,37,38,70,57,100,0,1241.803279,95,1,51.3812332
SM Energy Co,2020,GDP and Disposable Income,79,140,67,66,73,68,1241.803279,274,2,148.1942937
SM Energy Co,2020,Innovation,88,207,72,79,76,71,1241.803279,357,3,193.0852659
SM Energy Co,2020,Market Transition,70,133,60,74,68,75,1241.803279,282,4,152.5211344
SM Energy Co,2020,Professional Skills Development,34,47,68,108,73,78,1241.803279,233,5,126.0192352
SM Energy Co,2020,"Provisioning services (Raw Materials, Nutrients, Food, Energy)",100,117,100,119,94,96,1241.803279,332,6,179.5638888
SM Energy Co,2020,Regulated Carbon Price,81,66,80,75,78,62,1241.803279,203,7,109.7935826
SM Energy Co,2020,Wages and Benefits,43,30,76,78,83,0,1241.803279,108,8,58.4123494
SM Energy Co,2020,Well-being and health,37,16,55,48,55,0,1241.803279,64,9,34.6147255
SOUTHWESTERN ENERGY CO,2020,Associated Energy Costs,94,142,75,94,70,78,175.147929,314,0,21.9809951
SOUTHWESTERN ENERGY CO,2020,Dividend/reinvestment balance for long-term growth,37,38,70,79,100,0,175.147929,117,1,8.1903708
SOUTHWESTERN ENERGY CO,2020,GDP and Disposable Income,79,121,67,84,73,78,175.147929,283,2,19.8108968
SOUTHWESTERN ENERGY CO,2020,Innovation,88,130,72,95,76,83,175.147929,308,3,21.5609761
SOUTHWESTERN ENERGY CO,2020,Market Transition,70,112,60,76,68,76,175.147929,264,4,18.4808366
SOUTHWESTERN ENERGY CO,2020,Professional Skills Development,34,49,68,116,73,73,175.147929,238,5,16.6607542
SOUTHWESTERN ENERGY CO,2020,"Provisioning services (Raw Materials, Nutrients, Food, Energy)",100,162,100,157,94,110,175.147929,429,6,30.0313595
SOUTHWESTERN ENERGY CO,2020,Regulated Carbon Price,81,86,80,96,78,94,175.147929,276,7,19.3208747
SOUTHWESTERN ENERGY CO,2020,Wages and Benefits,43,47,76,80,83,96,175.147929,223,8,15.6107067
SOUTHWESTERN ENERGY CO,2020,Well-being and health,37,22,55,28,55,0,175.147929,50,9,3.5001585
Seneca Resources/NATIONAL FUEL GAS CO,2020,Associated Energy Costs,94,96,75,81,70,0,34.057388,177,0,4.3587546
Seneca Resources/NATIONAL FUEL GAS CO,2020,Dividend/reinvestment balance for long-term growth,37,36,70,52,100,0,34.057388,88,1,2.1670645
Seneca Resources/NATIONAL FUEL GAS CO,2020,GDP and Disposable Income,79,86,67,79,73,0,34.057388,165,2,4.0632459
Seneca Resources/NATIONAL FUEL GAS CO,2020,Innovation,88,89,72,84,76,0,34.057388,173,3,4.2602517
Seneca Resources/NATIONAL FUEL GAS CO,2020,Market Transition,70,74,60,71,68,0,34.057388,145,4,3.5707312
Seneca Resources/NATIONAL FUEL GAS CO,2020,Professional Skills Development,34,26,68,61,73,0,34.057388,87,5,2.1424387
Seneca Resources/NATIONAL FUEL GAS CO,2020,"Provisioning services (Raw Materials, Nutrients, Food, Energy)",100,97,100,118,94,0,34.057388,215,6,5.2945325
Seneca Resources/NATIONAL FUEL GAS CO,2020,Regulated Carbon Price,81,71,80,82,78,0,34.057388,153,7,3.7677371
Seneca Resources/NATIONAL FUEL GAS CO,2020,Wages and Benefits,43,39,76,97,83,0,34.057388,136,8,3.3490996
Seneca Resources/NATIONAL FUEL GAS CO,2020,Well-being and health,37,17,55,27,55,0,34.057388,44,9,1.0835322
"VITAL ENERGY, INC.",2020,Associated Energy Costs,94,107,75,77,70,53,-80.2631579,237,0,-10.7047656
"VITAL ENERGY, INC.",2020,Dividend/reinvestment balance for long-term growth,37,24,70,49,100,56,-80.2631579,129,1,-5.8266446
"VITAL ENERGY, INC.",2020,GDP and Disposable Income,79,84,67,56,73,28,-80.2631579,168,2,-7.5881883
"VITAL ENERGY, INC.",2020,Innovation,88,85,72,67,76,59,-80.2631579,211,3,-9.5304031
"VITAL ENERGY, INC.",2020,Market Transition,70,81,60,56,68,40,-80.2631579,177,4,-7.9946983
"VITAL ENERGY, INC.",2020,Professional Skills Development,34,48,68,78,73,58,-80.2631579,184,5,-8.3108728
"VITAL ENERGY, INC.",2020,"Provisioning services (Raw Materials, Nutrients, Food, Energy)",100,126,100,114,94,58,-80.2631579,298,6,-13.4600006
"VITAL ENERGY, INC.",2020,Regulated Carbon Price,81,67,80,73,78,0,-80.2631579,140,7,-6.3234902
"VITAL ENERGY, INC.",2020,Wages and Benefits,43,33,76,66,83,0,-80.2631579,99,8,-4.4716109
"VITAL ENERGY, INC.",2020,Well-being and health,37,30,55,51,55,53,-80.2631579,134,9,-6.0524835
Crescent Energy Co,2022,Associated Energy Costs,88,78,72,56,81,71,90.7330567,205,0,10.6836741
Crescent Energy Co,2022,Dividend/reinvestment balance for long-term growth,43,21,82,52,100,0,90.7330567,73,1,3.8044303
Crescent Energy Co,2022,GDP and Disposable Income,75,86,63,46,75,73,90.7330567,205,2,10.6836741
Crescent Energy Co,2022,Innovation,90,83,74,54,78,73,90.7330567,210,3,10.9442515
Crescent Energy Co,2022,Market Transition,66,65,62,57,83,71,90.7330567,193,4,10.0582883
Crescent Energy Co,2022,Professional Skills Development,40,28,70,65,82,59,90.7330567,152,5,7.9215535
Crescent Energy Co,2022,"Provisioning services (Raw Materials, Nutrients, Food, Energy)",100,79,100,74,98,82,90.7330567,235,6,12.2471386
Crescent Energy Co,2022,Regulated Carbon Price,77,29,72,53,74,92,90.7330567,174,7,9.0680941
Crescent Energy Co,2022,Wages and Benefits,45,22,80,48,84,110,90.7330567,180,8,9.380787
Crescent Energy Co,2022,Well-being and health,46,27,71,46,62,41,90.7330567,114,9,5.9411651
EQT Corp,2022,Associated Energy Costs,88,90,72,69,81,46,88.0267364,205,0,10.6274917
EQT Corp,2022,Dividend/reinvestment balance for long-term growth,43,29,82,77,100,0,88.0267364,106,1,5.4951908
EQT Corp,2022,GDP and Disposable Income,75,66,63,56,75,44,88.0267364,166,2,8.6056762
EQT Corp,2022,Innovation,90,75,74,73,78,47,88.0267364,195,3,10.1090775
EQT Corp,2022,Market Transition,66,63,62,54,83,46,88.0267364,163,4,8.450152
EQT Corp,2022,Professional Skills Development,40,36,70,67,82,62,88.0267364,165,5,8.5538348
EQT Corp,2022,"Provisioning services (Raw Materials, Nutrients, Food, Energy)",100,84,100,98,98,68,88.0267364,250,6,12.9603558
EQT Corp,2022,Regulated Carbon Price,77,73,72,73,74,0,88.0267364,146,7,7.5688478
EQT Corp,2022,Wages and Benefits,45,29,80,61,84,47,88.0267364,137,8,7.102275
EQT Corp,2022,Well-being and health,46,62,71,61,62,42,88.0267364,165,9,8.5538348